,id,graph_edit_distance
0,56evhi,3.0
1,3k3poc,2.0
2,56lfgg,6.0
3,3ax9vq,0.0
4,4vitzb,4.0
5,97wnik,0.0
6,65rh7d,0.0
7,5zuq15,3.0
8,3cjvd3,5.0
9,2jai8a,0.0
10,5zu8fr,2.0
11,5hpnjq,0.0
12,4v7m6d,3.0
13,93l58u,4.0
14,2lbtag,0.0
15,93l2o5,3.0
16,4v407m,3.0
17,2m8psj,0.0
18,2w3yt3,3.0
19,2vundw,0.0
20,4ij2wh,0.0
21,3jti3p,0.0
22,2m2l4c,3.0
23,2vucrt,0.0
24,2k7avm,0.0
25,3vlctr,0.0
26,5ht50p,0.0
27,5d4lt0,0.0
28,4vf0fr,0.0
29,2jov71,0.0
30,94lmms,2.0
31,4igvyn,0.0
32,3jvuly,0.0
33,4hkck3,0.0
34,95290l,3.0
35,2vqorp,0.0
36,2v404t,0.0
37,4vzvbl,3.0
38,9ci2xs,0.0
39,65lnev,3.0
40,3khd0r,8.0
41,3ki5zk,2.0
42,4w0g1h,0.0
43,2erp8u,0.0
44,2f256m,4.0
45,5wdh16,3.0
46,2fbgke,0.0
47,4vwfhm,0.0
48,5wdqaj,0.0
49,4i6biv,0.0
50,3ql25n,0.0
51,2eyz0o,0.0
52,2ugvlk,4.0
53,9duzs3,0.0
54,2crwvn,0.0
55,5iax1q,3.0
56,2d1dw3,0.0
57,5w9hr7,0.0
58,5ic4so,4.0
59,3nurrb,0.0
60,3nutv7,5.0
61,9exhbo,0.0
62,2dnh6n,2.0
63,4fy8ff,0.0
64,56yzkm,7.0
65,2drw2r,4.0
66,4i40d7,4.0
67,3vyv68,0.0
68,3kls7b,0.0
69,65izxo,3.0
70,9ei2nm,0.0
71,2hi0st,0.0
72,4d960q,0.0
73,2v1gmy,3.0
74,5ckjqo,0.0
75,2uwsye,3.0
76,3ka9o2,0.0
77,56nfo3,2.0
78,56o19i,0.0
79,3ka82e,0.0
80,65r5mp,35.0
81,4oroxo,8.0
82,2v54a7,2.0
83,2v5r6r,0.0
84,56pcgr,3.0
85,6vs4wq,0.0
86,2ftuq1,0.0
87,56too3,2.0
88,2fquuc,2.0
89,3b2kaz,0.0
90,2fpwo9,3.0
91,9beua6,3.0
92,2gn45i,0.0
93,9aaurf,0.0
94,3qliv7,4.0
95,49bnba,0.0
96,5zv3l2,2.0
97,2usbuw,2.0
98,5i45fy,3.0
99,4i9tcw,3.0
100,2mck5t,0.0
101,2xyfi9,0.0
102,3v17fc,0.0
103,3j17vx,2.0
104,3j0pin,5.0
105,4njbju,0.0
106,8svdth,0.0
107,6ya6ao,4.0
108,2tf9jm,5.0
109,3j2uw7,0.0
110,2y400r,0.0
111,3iz3p0,2.0
112,8s4yu7,4.0
113,4j29az,1.0
114,2xvdqr,2.0
115,2xo844,0.0
116,2sf219,2.0
117,49xmw3,2.0
118,5x0d2u,3.0
119,2s8euq,0.0
120,4ucdyg,0.0
121,2sthdi,7.0
122,2suxoq,2.0
123,3ag70o,0.0
124,5al3jm,2.0
125,2smalu,1.0
126,55n2fj,4.0
127,2xqmbk,0.0
128,3v3i8z,0.0
129,5h14kw,3.0
130,66r45o,2.0
131,4epjpj,0.0
132,5x8yd7,12.0
133,4tyazn,2.0
134,2vmski,0.0
135,3oc2yf,0.0
136,3qslo2,3.0
137,2ylj3s,2.0
138,6yz370,0.0
139,4d1e6v,2.0
140,4nnv4o,2.0
141,8otveb,2.0
142,557aok,2.0
143,5h0s55,0.0
144,2uwvcf,0.0
145,4u1cma,2.0
146,5d8a3i,0.0
147,5anie5,1.0
148,4u228g,6.0
149,2unrse,2.0
150,2y73h3,3.0
151,4u0kdo,5.0
152,5h2lmm,0.0
153,3obqbq,2.0
154,2vc67a,3.0
155,3iu4xe,0.0
156,66odmn,9.0
157,8v1gba,0.0
158,4mdi55,0.0
159,5agakj,0.0
160,2o7vbk,4.0
161,2why8b,0.0
162,3aqmj5,5.0
163,2wjc0h,2.0
164,2nwc7k,0.0
165,2pfgnb,0.0
166,6xdo73,0.0
167,2wpyna,5.0
168,5hgs5y,4.0
169,3aqqlu,0.0
170,2w8tsp,2.0
171,49nzif,1.0
172,2n38wz,0.0
173,4i1uom,0.0
174,5ae5bu,4.0
175,92mkl8,0.0
176,4v25d4,0.0
177,49npzq,0.0
178,560974.0,5.0
179,2wbo63,0.0
180,61zgdb,3.0
181,2wg80b,3.0
182,4in0ip,4.0
183,4fputa,6.0
184,5ae6o5,0.0
185,91nujj,0.0
186,3vek79,0.0
187,5hg1io,0.0
188,4ivsqu,5.0
189,8w6qks,2.0
190,2xd8wj,5.0
191,4nhkox,0.0
192,2qrfyj,0.0
193,3jda7m,2.0
194,6xxsij,4.0
195,3v75m5,3.0
196,66dude,0.0
197,8v9abs,3.0
198,2xkcrm,0.0
199,4udkgx,3.0
200,2rsoka,2.0
201,2xeob5,0.0
202,5hcd4s,0.0
203,2wyd0q,2.0
204,3ammu6,3.0
205,2q25mp,0.0
206,3va910,4.0
207,5ahhol,3.0
208,5wu2g1,0.0
209,8ylptx,0.0
210,4ukazn,0.0
211,5he6vz,5.0
212,6pmzgd,2.0
213,5aisyf,0.0
214,4pfckm,2.0
215,2qj578,0.0
216,2x47uk,0.0
217,4pcfum,3.0
218,66b7h6,2.0
219,3jeykn,3.0
220,2txxeg,2.0
221,4y1y6p,0.0
222,5j5i3y,0.0
223,5j5fsr,7.0
224,48bi6z,2.0
225,2qcu7m,0.0
226,6465di,0.0
227,3m5soh,3.0
228,1li0ko,6.0
229,4y2u9z,5.0
230,4n9x7y,0.0
231,4gzj43,0.0
232,1n1d5i,0.0
233,58c23s,0.0
234,5vhesa,6.0
235,1mqog8,0.0
236,4y3lym,2.0
237,a4oih9,0.0
238,5j7ttd,0.0
239,4msh47,0.0
240,4gv8ha,5.0
241,a5didn,0.0
242,59aqqq,2.0
243,5j8x6q,1.0
244,1k0b4z,3.0
245,1k1i0p,3.0
246,635b5j,1.0
247,3x8wc4,0.0
248,58evf2,0.0
249,644fyl,4.0
250,2q80o5,0.0
251,643o4b,0.0
252,a45qst,3.0
253,1kz4qy,0.0
254,5iz0al,0.0
255,2r2po8,0.0
256,1qmhxz,3.0
257,4xq9r5,8.0
258,1pzuvb,0.0
259,5iz8wc,0.0
260,62xp9s,0.0
261,9y4tfu,17.0
262,1rwu3g,0.0
263,5vowom,0.0
264,2ra4ub,0.0
265,5zz11w,0.0
266,9xilpa,12.0
267,5vobdy,6.0
268,4lfp3e,4.0
269,589eyr,2.0
270,4xwqzp,5.0
271,64b95p,0.0
272,6t1nr9,4.0
273,5j3adm,5.0
274,6rgsni,3.0
275,64dg8i,0.0
276,3lxn9n,2.0
277,1pmeqv,0.0
278,2qzf4a,4.0
279,3bsr0c,0.0
280,4h2crp,0.0
281,5j1nsg,0.0
282,6t20g4,0.0
283,5885zs,0.0
284,637fct,0.0
285,3mr0l9,6.0
286,2oyukh,2.0
287,2oz8ur,0.0
288,58wn61,2.0
289,4gmvjr,0.0
290,2owlmd,0.0
291,5jg95q,3.0
292,4ylzyk,10.0
293,5crm5p,0.0
294,3xiiyb,8.0
295,5v84q6,2.0
296,4ynm6l,4.0
297,3qa1pn,0.0
298,adqciq,0.0
299,1aus2t,0.0
300,3mw8n7,0.0
301,6s0h8l,5.0
302,2od55x,4.0
303,1a2tsk,0.0
304,47reto,0.0
305,1c1qjf,0.0
306,5948as,4.0
307,1bv6kt,2.0
308,592yn8,0.0
309,3c1bvz,2.0
310,58p45j,4.0
311,5vc23g,3.0
312,58ogo2,3.0
313,2po6du,0.0
314,2pqyep,5.0
315,a6y199,0.0
316,5vc9um,0.0
317,1j4b57,0.0
318,3mf9xa,3.0
319,1jbtf2,0.0
320,a5s6ke,0.0
321,4yabfb,3.0
322,4y9x68,6.0
323,2pe0pf,0.0
324,1fy9zm,0.0
325,3mkzws,3.0
326,a8rhob,0.0
327,4gqksm,3.0
328,1fazzg,5.0
329,a9h2yv,0.0
330,2pirpq,6.0
331,58qf12,2.0
332,4gsjab,2.0
333,3xdwej,2.0
334,2pmk64,3.0
335,5crphl,0.0
336,3xfbex,2.0
337,a8eu80,1.0
338,4grwlc,3.0
339,4wo23h,3.0
340,5w3ic3,2.0
341,655mg1,3.0
342,2t55fb,4.0
343,27npmp,3.0
344,26uwaf,3.0
345,2t0oqc,0.0
346,9l1kok,0.0
347,274sco,0.0
348,3wb5wg,6.0
349,6qmswr,0.0
350,4o4vlv,0.0
351,4hv98g,0.0
352,28bye2,0.0
353,4hvhov,0.0
354,4uhepu,0.0
355,2izn1r,3.0
356,bb73xe,0.0
357,8vw5oc,0.0
358,2xwtc8,0.0
359,bcue97,1.0
360,4u72q9,0.0
361,8sl2xy,0.0
362,10vlce,0.0
363,2xzzao,0.0
364,3v3nt0,0.0
365,5u3l56,3.0
366,5hb1uo,2.0
367,2t4m5m,0.0
368,3v2os8,4.0
369,2ta4mh,3.0
370,8wolcb,0.0
371,8z2qvl,3.0
372,2ocvdw,0.0
373,8zm670,4.0
374,5khw5v,0.0
375,90jbxq,2.0
376,2wkq9l,0.0
377,4umahw,2.0
378,4ulqck,0.0
379,2x67um,6.0
380,2qlb06,4.0
381,bagb6h,0.0
382,2jacne,0.0
383,2wyc1w,1.0
384,5bdof9,0.0
385,5oyojn,0.0
386,3oweam,4.0
387,6bp99p,0.0
388,dlx2xg,0.0
389,4jy0xe,4.0
390,4jz5se,2.0
391,5427pq,0.0
392,1hfywn,0.0
393,3osvbb,0.0
394,3hirwt,2.0
395,4k8ywj,3.0
396,53dboa,3.0
397,24b4es,0.0
398,42sme9,0.0
399,6d8xcn,0.0
400,4kiaq4,3.0
401,5s4xu5,0.0
402,53g3bj,0.0
403,5bgzso,2.0
404,4kcx2h,4.0
405,60yirg,0.0
406,53mafl,3.0
407,1j0qvt,0.0
408,67mmnw,0.0
409,21h0pk,0.0
410,21k0tq,3.0
411,681q65,0.0
412,54nq92,2.0
413,42zrly,0.0
414,68gu94,0.0
415,5axzq4,5.0
416,445x98,0.0
417,3ofm91,3.0
418,3id054,0.0
419,54xitc,3.0
420,4311hv,4.0
421,1j5y6z,8.0
422,1j4o0u,3.0
423,1j3wnu,0.0
424,69pgr4,0.0
425,22ehxi,4.0
426,3hm6ao,0.0
427,4jwj71,0.0
428,42yrjt,0.0
429,696ecn,0.0
430,4f50mp,0.0
431,69dx2v,0.0
432,3oo6zc,0.0
433,1ft3bm,0.0
434,6itrsy,0.0
435,dbju4r,4.0
436,4wboze,3.0
437,4w6dko,2.0
438,4vyjpe,4.0
439,6jhm6k,0.0
440,4xh96p,0.0
441,5rrzyw,3.0
442,4x6iln,0.0
443,4wo0gs,2.0
444,4wy3jw,0.0
445,3e2ejd,0.0
446,6lgk62,5.0
447,6lqimu,0.0
448,5c2ogh,4.0
449,26bqpi,0.0
450,4lifmb,0.0
451,6jynoe,1.0
452,6jz05f,0.0
453,6k64b6,5.0
454,dacxpj,0.0
455,3pn5jk,3.0
456,5ndmun,2.0
457,50wtxp,3.0
458,4em47x,5.0
459,1f3nfg,0.0
460,1f2vpo,0.0
461,3fscp0,2.0
462,5bt7d7,0.0
463,52a0v9,0.0
464,3gbbo8,0.0
465,51reno,2.0
466,3g4x55,10.0
467,5p2yup,0.0
468,3fov2s,4.0
469,25pamz,3.0
470,1ec2kq,0.0
471,3f672a,2.0
472,4xwe5e,2.0
473,de1ijn,2.0
474,25xwi7,0.0
475,60npct,3.0
476,1eve0o,0.0
477,25h65x,0.0
478,3pa8hg,1.0
479,4zmlbw,17.0
480,6gf4jo,0.0
481,6gjmin,2.0
482,3ff823,2.0
483,3pbqji,0.0
484,3lh8oo,1.0
485,1vc28n,0.0
486,4hmrhe,7.0
487,59t3jq,0.0
488,1p2hty,0.0
489,5thb97,0.0
490,3lpu8k,2.0
491,ecfa9w,2.0
492,5o4uqr,2.0
493,57wxis,0.0
494,4he2pb,0.0
495,1uxomg,0.0
496,1q0i6n,0.0
497,59zon0,2.0
498,4hz4f7,0.0
499,3ntcd5,0.0
500,43xwmc,5.0
501,57hij0,2.0
502,1vrn4q,3.0
503,e9h2f9,0.0
504,1vwa7i,0.0
505,62j7dh,0.0
506,5o34g8,6.0
507,3mnzs6,0.0
508,58qrwd,2.0
509,3mc7ac,0.0
510,1tdsvz,4.0
511,3m9jec,2.0
512,3mxt4r,8.0
513,43r13m,4.0
514,4gmpwu,2.0
515,1spj4i,6.0
516,593f9l,0.0
517,58dma9,0.0
518,43lj7q,0.0
519,64e2ub,3.0
520,1qhd07,2.0
521,64fb30,3.0
522,58409r,5.0
523,59k9ml,3.0
524,59gm4w,6.0
525,5ogvky,0.0
526,ef3xzv,3.0
527,4gd56r,0.0
528,1qxkfp,4.0
529,1qvkso,0.0
530,5o8gqg,2.0
531,65in0t,2.0
532,3j9vdh,0.0
533,5ak0lc,1.0
534,3j763q,0.0
535,55o76j,0.0
536,5ntk10,0.0
537,66hkqs,0.0
538,55ltru,2.0
539,3j3jv9,0.0
540,55t61m,3.0
541,669uzy,0.0
542,5org5s,0.0
543,1l8tk6,3.0
544,5nus0z,0.0
545,5oskdc,0.0
546,1jqzb9,0.0
547,555nxz,0.0
548,66y0nl,3.0
549,dus2q0,4.0
550,3obc8k,0.0
551,66qdll,8.0
552,20dfpq,3.0
553,1jx14f,4.0
554,3kd2rw,1.0
555,5on8t5,6.0
556,4iassq,2.0
557,65qih6,3.0
558,62avxi,0.0
559,e56l0z,1.0
560,1x25ie,0.0
561,56hh9j,0.0
562,66063u,0.0
563,4ii25p,2.0
564,6618ee,2.0
565,4411ex,0.0
566,6201ud,0.0
567,5ag0at,0.0
568,566yj8,0.0
569,4fu3nr,3.0
570,1xr4y6,3.0
571,1mc758,0.0
572,5acbqv,7.0
573,3jx352,1.0
574,65zuve,0.0
575,56a7f4,0.0
576,3pq18w,0.0
577,3q3zjt,0.0
578,4onsio,6.0
579,6rq7pb,2.0
580,44te2j,0.0
581,5rgk8e,0.0
582,4qy4b4,2.0
583,4m97u2,0.0
584,d25xs2,0.0
585,4pqgka,3.0
586,44sa82,0.0
587,5ck81l,0.0
588,4mcydk,0.0
589,1bt9sg,0.0
590,4lv0to,4.0
591,4prn8n,3.0
592,4ngobu,2.0
593,602pf5,2.0
594,6ns1ar,1.0
595,4nwrrz,4.0
596,d2ylyy,8.0
597,9m108,0.0
598,3psn5h,0.0
599,3q7blc,2.0
600,4dvov9,0.0
601,5rgnwu,2.0
602,3cjqqp,2.0
603,4lxpus,3.0
604,5r7db7,0.0
605,6rlegy,4.0
606,5rijhr,0.0
607,3cqu7e,2.0
608,3d1fus,3.0
609,4p5eij,3.0
610,3cx28d,2.0
611,3cfa0p,3.0
612,6rlecc,3.0
613,4qudyi,2.0
614,982kbm,2.0
615,96xjs0,0.0
616,6pz6pw,0.0
617,4ien19,0.0
618,5hw62q,0.0
619,2itpcc,3.0
620,3volag,0.0
621,5wjkch,0.0
622,4vii6m,2.0
623,5wjgrs,0.0
624,3axbwu,2.0
625,5d4608,0.0
626,5a7skj,8.0
627,2vhdt4,4.0
628,97ye10,0.0
629,56gjkn,0.0
630,5wotln,2.0
631,5hpo95,6.0
632,56a7i0,3.0
633,49kv52,0.0
634,4h9v39,0.0
635,4mdvnr,8.0
636,3jt11p,0.0
637,2m8qyh,0.0
638,2mcbv5,0.0
639,931wai,5.0
640,6wzw3u,5.0
641,5zu3y4,0.0
642,3vhk0e,3.0
643,2vmsz3,5.0
644,95w7pn,0.0
645,3vmw41,2.0
646,2jpwxu,0.0
647,2vkvo1,5.0
648,2krs5q,0.0
649,94ubqr,0.0
650,4v9d3y,3.0
651,95ig1v,0.0
652,3jxgjc,9.0
653,3qmunv,0.0
654,95nsqh,4.0
655,987yi4,4.0
656,3qkvjk,2.0
657,5i81a5,0.0
658,2edm00,0.0
659,2e5dkl,4.0
660,2e895b,2.0
661,2e9o6h,0.0
662,9dah54,3.0
663,3chw6l,0.0
664,56v5ec,0.0
665,9c08ig,4.0
666,3vveao,2.0
667,56uh00,0.0
668,2fl0lv,1.0
669,4ilg3n,11.0
670,9c7kak,0.0
671,2ez4dn,2.0
672,4ipffa,1.0
673,9dv5ss,0.0
674,5d22n2,0.0
675,4is96f,4.0
676,2u2v97,0.0
677,5a2bfo,0.0
678,3w1hpx,0.0
679,5a2pm0,0.0
680,3kmwca,2.0
681,4n7shw,0.0
682,9e6ofy,0.0
683,2u6sye,0.0
684,2u6y4a,1.0
685,62a7a8,0.0
686,4iqsrc,3.0
687,2u6btv,4.0
688,9erolx,2.0
689,4i31gy,0.0
690,4vo0lm,0.0
691,99srnz,0.0
692,4vpz4f,0.0
693,2uxnks,3.0
694,99xhgj,4.0
695,99ss7h,4.0
696,56n8hk,3.0
697,3k93p1,3.0
698,56m9o2,0.0
699,98drj3,0.0
700,98kfse,0.0
701,993hgp,3.0
702,65qra0,0.0
703,4ibf6u,3.0
704,65phfh,0.0
705,2ftujg,2.0
706,65nfq7,2.0
707,2g2yz9,0.0
708,4i87e2,3.0
709,2ulaug,1.0
710,5d385p,0.0
711,5i5vgx,1.0
712,2ukhji,2.0
713,4opa94,2.0
714,4vrm19,0.0
715,4i8khz,2.0
716,5i3mxw,2.0
717,2uspcj,6.0
718,4vtkpz,2.0
719,5weqa6,2.0
720,4vsg6f,1.0
721,2tkg2i,2.0
722,8sv9jt,0.0
723,5h8ak6,3.0
724,2t9u4l,2.0
725,4fjmj7,0.0
726,3v24we,0.0
727,4izwe6,0.0
728,3q0x3t,5.0
729,4u48e4,5.0
730,3afuxi,3.0
731,4u503a,0.0
732,5x3q8e,0.0
733,55g3nu,0.0
734,3j3nz3,0.0
735,4ubvr7,3.0
736,2segcc,6.0
737,2xoy9l,4.0
738,3o9jnd,3.0
739,4fkct7,0.0
740,66fv8i,0.0
741,2xsonb,3.0
742,2szkqc,0.0
743,2xux1k,4.0
744,5haq0i,0.0
745,4ffhkx,1.0
746,6y5r3e,2.0
747,8tyfxd,2.0
748,2spf0w,2.0
749,2y5qfv,0.0
750,4j5ytj,8.0
751,6p1q3s,2.0
752,2yk68l,0.0
753,4pxqwe,0.0
754,2vnxuw,3.0
755,2yhfkf,0.0
756,8pv9h5,0.0
757,559dky,0.0
758,2w8vss,0.0
759,4ek9im,3.0
760,2wky2f,2.0
761,2woued,0.0
762,3uqz6g,0.0
763,5h0yge,3.0
764,4tvjq6,5.0
765,4j2p5m,6.0
766,3uvj4n,0.0
767,2y9lj1,0.0
768,3ux226,0.0
769,4nk6m5,0.0
770,2y7ed7,4.0
771,55b2vm,2.0
772,2vb60x,5.0
773,3obv87,0.0
774,2v7mnw,0.0
775,55c1gn,0.0
776,3vcq4t,0.0
777,4gqxy7,0.0
778,5wsqfw,2.0
779,5hjrun,0.0
780,5hjnvu,5.0
781,3vd0c0,2.0
782,6x9b17,3.0
783,2wjjvb,0.0
784,3jkwuh,3.0
785,2p3yi9,0.0
786,4gkddc,0.0
787,2oyr4k,3.0
788,3aog3r,0.0
789,90t4pg,0.0
790,5hnhgu,3.0
791,4il9o1,2.0
792,2wa0w1,0.0
793,4h1bnq,0.0
794,2mrxmy,8.0
795,92kw9g,2.0
796,2w7g5a,0.0
797,4uzpya,0.0
798,4fptzf,0.0
799,2wfd51,0.0
800,564xsg,3.0
801,4ilv68,5.0
802,2wbv7e,0.0
803,3jq59q,3.0
804,2ni97o,1.0
805,4uh8oi,3.0
806,2xdoke,2.0
807,66clw7,7.0
808,2x88s3,0.0
809,2qpjpp,0.0
810,5hdk9r,0.0
811,2xags6,0.0
812,2r0qly,0.0
813,8w3cwr,3.0
814,5ajwpk,0.0
815,5x042p,0.0
816,3j9kva,0.0
817,3ajta1,0.0
818,4ugdp9,2.0
819,66dgez,0.0
820,2rr8s4,0.0
821,3v9xr5,3.0
822,8y30d8,0.0
823,8xy2va,1.0
824,2pubz4,2.0
825,3an0o2,5.0
826,2wwomm,0.0
827,3o6o4b,8.0
828,61wucp,0.0
829,3jhnhh,0.0
830,2psei7,0.0
831,3jekz4,0.0
832,3o8m8j,2.0
833,4ukv7k,8.0
834,61tmbc,0.0
835,4ukpg1,5.0
836,5hf4lm,2.0
837,4g496d,8.0
838,3x6h6m,4.0
839,1lzv4x,0.0
840,4dix5w,3.0
841,1mbk89,1.0
842,5vft1q,0.0
843,4gyb8u,0.0
844,3n95e8,5.0
845,1lf8yx,0.0
846,5vhze4,2.0
847,58bfyv,0.0
848,4lual9,4.0
849,58bxoa,0.0
850,1mnpta,4.0
851,4y3qnd,2.0
852,58j5u5,5.0
853,3mdb6k,1.0
854,1ke5ww,2.0
855,5vdid5,4.0
856,4msfh3,6.0
857,2q2uaq,6.0
858,3n6izb,7.0
859,58l95u,0.0
860,5j6grc,4.0
861,4gx1bh,5.0
862,2qams4,0.0
863,3c53lu,5.0
864,2q8kpx,3.0
865,3mammx,3.0
866,1n3zl5,2.0
867,5iz3ew,2.0
868,2r344i,2.0
869,2r4fba,2.0
870,2r28b5,0.0
871,1q1ktk,0.0
872,1q68t5,5.0
873,4nkh5b,5.0
874,1rkq2r,3.0
875,9wzo68,0.0
876,59i42u,0.0
877,4xp35m,2.0
878,1qzzg8,0.0
879,1r8b6t,3.0
880,9xmr04,7.0
881,3wx7n4,3.0
882,63z7q1,0.0
883,3m0pqd,6.0
884,5ctk35,0.0
885,3n9zzq,2.0
886,4lj190,2.0
887,6t3l8g,0.0
888,64dxkn,0.0
889,588vs4,5.0
890,3x1lwl,2.0
891,4xvnzk,0.0
892,64cv3w,3.0
893,1p472z,6.0
894,a5f8hu,0.0
895,5j98c9,7.0
896,58vqnw,4.0
897,6rqzom,0.0
898,58wiwm,3.0
899,3mr381,0.0
900,1cyoxo,2.0
901,5dyios,10.0
902,3m62ec,2.0
903,5lu6bi,0.0
904,2ec34p,0.0
905,5yipwd,3.0
906,5yix2j,0.0
907,4qii0e,3.0
908,34hw6c,5.0
909,4bltip,3.0
910,3nsg4q,0.0
911,2e4qvq,0.0
912,4qbgt8,4.0
913,s2mym,3.0
914,s2gah,0.0
915,34gagp,0.0
916,7pcjsd,0.0
917,rzx53,0.0
918,tmdkf,6.0
919,45rjik,3.0
920,5ffgn1,0.0
921,4qt7eh,2.0
922,3ilaeb,4.0
923,3i2a1f,0.0
924,7w3sdy,3.0
925,7vzost,0.0
926,tvk5i,4.0
927,3jng8a,0.0
928,5yh93u,4.0
929,3l3u03,0.0
930,5r5kk8,3.0
931,4qpp3h,0.0
932,45lta6,3.0
933,3rrudz,3.0
934,3s0kg6,1.0
935,c9tpgp,3.0
936,3rmic6,0.0
937,3r67m0,0.0
938,qcsho,0.0
939,3rj08h,0.0
940,40wzte,9.0
941,3thckj,3.0
942,35uvnp,0.0
943,pwdrr,8.0
944,35nmmu,0.0
945,35j0t5,5.0
946,3skas1,3.0
947,34x0ek,3.0
948,5evjqm,0.0
949,7mzu6t,0.0
950,4q386t,0.0
951,5lwao9,2.0
952,7ns6xq,5.0
953,3pr02f,3.0
954,r53yi,3.0
955,2dsjoy,0.0
956,7m1366,0.0
957,qq4nn,3.0
958,356lek,0.0
959,357sua,3.0
960,357uau,2.0
961,52w08e,3.0
962,3pz8en,0.0
963,3ptsjk,4.0
964,3q3zij,0.0
965,2dxhsi,3.0
966,5xwnij,0.0
967,3ttowr,0.0
968,39b3fn,0.0
969,87tbyx,0.0
970,31aozd,0.0
971,2gfep7,0.0
972,4rz2rl,0.0
973,31txwq,0.0
974,85s71f,0.0
975,4avhb8,0.0
976,869cth,0.0
977,3ahpgq,3.0
978,87hmtg,4.0
979,31p3x8,0.0
980,3aauxc,0.0
981,3ab8i6,2.0
982,3tqava,4.0
983,3175ca,2.0
984,51ubyu,0.0
985,362bqf,0.0
986,xz4mb,3.0
987,35m3n4,1.0
988,4stmc8,2.0
989,y7dby,0.0
990,30myjr,0.0
991,35aapt,0.0
992,30puwd,0.0
993,35i6f9,3.0
994,xxb5e,0.0
995,373cv1,7.0
996,xm0bc,1.0
997,5xtah7,0.0
998,36dcxf,0.0
999,3668d2,0.0
1000,8blilv,2.0
1001,bxqw5f,6.0
1002,3fq26y,0.0
1003,3g0sru,0.0
1004,4b56qy,1.0
1005,32omob,3.0
1006,4reoha,4.0
1007,3tdr3v,0.0
1008,5lk4vj,3.0
1009,3g71vs,0.0
1010,336k29,2.0
1011,7x7k24,0.0
1012,4r12y1,2.0
1013,338sp1,8.0
1014,3hpkpt,0.0
1015,32xioh,0.0
1016,ulw61,0.0
1017,3tajfx,0.0
1018,3h6bld,3.0
1019,7wmgjs,0.0
1020,80nn0d,0.0
1021,83jnch,3.0
1022,83pcpu,0.0
1023,84xn4s,0.0
1024,3c38kr,1.0
1025,3tlkyl,2.0
1026,2fysn4,5.0
1027,vhbym,2.0
1028,3dx6p9,0.0
1029,3edzxb,0.0
1030,32lbg3,3.0
1031,5fvmwr,4.0
1032,5fvh7z,3.0
1033,32d5aj,0.0
1034,vll6x,3.0
1035,5rwn9n,0.0
1036,3tgnoa,0.0
1037,4dnu6a,2.0
1038,iz2on,0.0
1039,3a7i20,5.0
1040,5ddjbp,0.0
1041,3a5x5s,2.0
1042,jf2yg,0.0
1043,4ct17s,4.0
1044,crdfb4,0.0
1045,crkj2v,0.0
1046,4np2dy,0.0
1047,4fw5cb,0.0
1048,isgbp,0.0
1049,3qvviu,0.0
1050,3ab1n1,0.0
1051,6ywwpi,0.0
1052,3adt04,2.0
1053,5dlgra,0.0
1054,73mw1t,0.0
1055,456u8d,3.0
1056,737sxo,0.0
1057,4o2nbm,2.0
1058,713fpa,2.0
1059,70xjlo,0.0
1060,5dh1q7,0.0
1061,4b09ae,0.0
1062,k1u2f,0.0
1063,3qf89y,5.0
1064,3bq6rx,0.0
1065,6t69u6,4.0
1066,6uf5fq,1.0
1067,44xsmo,5.0
1068,4n1z4j,0.0
1069,6u26ox,2.0
1070,4n0lpt,0.0
1071,6002om,6.0
1072,4mi17x,0.0
1073,6s4ic6,0.0
1074,4mn40q,2.0
1075,3bttqu,2.0
1076,3bvi0d,0.0
1077,cnkkdu,0.0
1078,g8ffs,3.0
1079,6wk07r,0.0
1080,5zunav,0.0
1081,6waps9,6.0
1082,4i0dhg,2.0
1083,4hkr2r,3.0
1084,4hbawd,2.0
1085,6xat5a,3.0
1086,41sa6z,0.0
1087,6uwt6r,3.0
1088,4jj6sv,0.0
1089,3bbqvr,0.0
1090,41uwrj,0.0
1091,cvkz5n,0.0
1092,6vo302,0.0
1093,6vhv3h,20.0
1094,4c6bhc,4.0
1095,4p8kvr,6.0
1096,4c6x6j,0.0
1097,36po65,0.0
1098,ogrww,0.0
1099,3x0zgd,0.0
1100,3x7qgt,2.0
1101,36rjzi,3.0
1102,cf2lee,0.0
1103,3zc2cm,2.0
1104,3zizrz,2.0
1105,4cbua9,4.0
1106,4p0eip,0.0
1107,4p5p40,0.0
1108,3ygnlb,3.0
1109,53c7z1,2.0
1110,5z6rin,0.0
1111,36pkcv,0.0
1112,534gzp,0.0
1113,3ureyo,0.0
1114,7g4ao0,1.0
1115,pd2rc,2.0
1116,cc4q3i,2.0
1117,pl92t,0.0
1118,pj1mb,0.0
1119,cbv1c9,0.0
1120,7gulk0,0.0
1121,4pew7y,8.0
1122,3w6zwn,2.0
1123,411pjd,0.0
1124,3v8wnj,0.0
1125,7fmdsg,0.0
1126,3vkj9f,4.0
1127,36h3mg,11.0
1128,5mcjh8,0.0
1129,cl2xbb,0.0
1130,lsf80,0.0
1131,469575.0,4.0
1132,3ri74z,1.0
1133,5duhw0,5.0
1134,5pvwad,5.0
1135,45atzl,0.0
1136,4cji50,0.0
1137,5ptm87,0.0
1138,41ghxa,0.0
1139,4579mw,3.0
1140,4cpjeo,0.0
1141,47v4aa,0.0
1142,75ool2,2.0
1143,lfrze,0.0
1144,47c4r4,0.0
1145,75d8bt,2.0
1146,4215tq,0.0
1147,79mjx9,6.0
1148,2c1kl1,7.0
1149,2c5qdg,0.0
1150,2c9yin,0.0
1151,7ajzqt,0.0
1152,cgslnf,0.0
1153,5e50fo,3.0
1154,5zacac,2.0
1155,37w47k,8.0
1156,387xa2,2.0
1157,44zby3,5.0
1158,38bttu,0.0
1159,384wge,0.0
1160,5e18r2,2.0
1161,53i5ea,0.0
1162,78d9xg,5.0
1163,25sd8o,1.0
1164,9mgwtm,0.0
1165,2su4de,0.0
1166,1609uc,0.0
1167,15y91e,8.0
1168,3ye45w,3.0
1169,4zqomn,0.0
1170,48ua47,3.0
1171,au1vmz,2.0
1172,28dqbl,3.0
1173,atuli1,0.0
1174,3wdkh3,0.0
1175,2lwu8b,0.0
1176,271dtp,2.0
1177,9kunpk,0.0
1178,161dd5,2.0
1179,3wnmap,2.0
1180,5k3rfk,4.0
1181,2rz1qn,0.0
1182,9sn8ii,4.0
1183,2rw6w5,2.0
1184,5k3b0e,5.0
1185,28yrlz,0.0
1186,5un86f,0.0
1187,22r0fu,1.0
1188,arf4vh,2.0
1189,2m8nsn,0.0
1190,21j37x,2.0
1191,4zo9uv,0.0
1192,2s4y9x,2.0
1193,5i9ip2,4.0
1194,ayyp3h,0.0
1195,2ku9so,0.0
1196,3vxaw8,0.0
1197,2dtpaf,0.0
1198,3ynwdn,4.0
1199,2di8iw,0.0
1200,2ktg1u,4.0
1201,2fwz5r,2.0
1202,2unkud,5.0
1203,2up1yb,4.0
1204,508f8r,3.0
1205,145ex0,7.0
1206,145a4d,0.0
1207,506lpe,0.0
1208,9c4sv4,0.0
1209,2fo8s0,2.0
1210,9hxu5y,0.0
1211,avy9gg,2.0
1212,2an36t,4.0
1213,2ap6rk,0.0
1214,4zw417,0.0
1215,9iqlv5,1.0
1216,2tp3jn,3.0
1217,2ligva,3.0
1218,2tjwbp,3.0
1219,2tin6p,7.0
1220,2atxbg,3.0
1221,2ty0nh,0.0
1222,2cj22x,0.0
1223,490a5k,2.0
1224,2avn7t,0.0
1225,4913p9,0.0
1226,5w7o8h,14.0
1227,500dgm,2.0
1228,5vbxtz,0.0
1229,5uwo08,0.0
1230,4z7tp3,1.0
1231,1izy32,7.0
1232,a6su1u,0.0
1233,18ticc,0.0
1234,18r2ha,0.0
1235,4yf9e1,2.0
1236,3xzut5,1.0
1237,2q9iwm,0.0
1238,5juyg6,3.0
1239,1l521x,0.0
1240,5uufsj,0.0
1241,1kj8is,2.0
1242,1jj844,0.0
1243,a92llh,0.0
1244,4z9h7k,2.0
1245,a4w2b2,0.0
1246,2nje95,0.0
1247,2ntsiw,0.0
1248,2oqe2h,0.0
1249,5jisbt,0.0
1250,ac64qo,2.0
1251,afqj5k,10.0
1252,5v5dbn,3.0
1253,5jmpgl,0.0
1254,3xr0vz,1.0
1255,5v2yt5,7.0
1256,4ylcy5,2.0
1257,5v9gyd,0.0
1258,4ymfl7,0.0
1259,1eqpkr,4.0
1260,aftty6,3.0
1261,1d7tvk,2.0
1262,1968gq,2.0
1263,1dcyec,2.0
1264,2nzrn1,0.0
1265,aan3wd,3.0
1266,48b076,0.0
1267,1sesus,0.0
1268,1slmx6,6.0
1269,9vtb55,4.0
1270,2rgbve,4.0
1271,2mtx7h,0.0
1272,1tm72v,2.0
1273,178xgv,0.0
1274,5izahz,6.0
1275,4zh3im,4.0
1276,47bve8,6.0
1277,1r4elw,0.0
1278,17d3by,0.0
1279,5iv2v0,0.0
1280,1wxt07,4.0
1281,5k1onf,0.0
1282,1uf896,0.0
1283,48mcbf,3.0
1284,4xk12x,0.0
1285,9u8nea,2.0
1286,2ro5kh,9.0
1287,2mov6i,0.0
1288,5k1ok0,2.0
1289,1po9ms,0.0
1290,1mzdv0,0.0
1291,4zdapd,5.0
1292,1nazof,0.0
1293,2qoxo0,5.0
1294,1nd2ah,3.0
1295,1moajh,3.0
1296,186pxl,1.0
1297,1lqbx3,0.0
1298,1ngnsp,0.0
1299,3x5py6,0.0
1300,2qk3p4,0.0
1301,2qquvg,3.0
1302,4xuljp,2.0
1303,9zy1hn,2.0
1304,2qxdmu,3.0
1305,2qxmo4,3.0
1306,1pnmck,2.0
1307,1p0yte,3.0
1308,5jxdau,0.0
1309,2qrj3u,2.0
1310,alswil,3.0
1311,17s86i,0.0
1312,3x1w9q,1.0
1313,bhkh7n,0.0
1314,5gw86v,2.0
1315,2i0fg6,3.0
1316,2xulwn,4.0
1317,104x4s,11.0
1318,4a73i7,5.0
1319,2y6qn3,2.0
1320,2z2eic,0.0
1321,4tnjak,4.0
1322,4tj55r,4.0
1323,2zh1tm,2.0
1324,5tjt4f,8.0
1325,5xedj0,6.0
1326,3zjfnx,0.0
1327,4tlygb,2.0
1328,2zdsey,0.0
1329,8l6ls3,0.0
1330,2yb0fm,3.0
1331,5u0uyp,1.0
1332,4tzwmt,0.0
1333,8qevm9,0.0
1334,4u1ci6,2.0
1335,bea0pe,4.0
1336,5h5ds4,4.0
1337,2y31pt,0.0
1338,8ric54,0.0
1339,4tvuae,6.0
1340,4tvsu7,0.0
1341,8p4apx,0.0
1342,3uq007,3.0
1343,514pch,0.0
1344,5h22qt,0.0
1345,2yhidf,0.0
1346,4tx2zf,0.0
1347,bfjsng,4.0
1348,ynezf,7.0
1349,51pecf,0.0
1350,5t38m7,0.0
1351,5t4rid,3.0
1352,4t1ebj,3.0
1353,303mef,3.0
1354,8gsjde,5.0
1355,2hbbi1,0.0
1356,3zsxf6,0.0
1357,30jr2i,0.0
1358,y9mm3,0.0
1359,5xp9j7,0.0
1360,8eqaue,2.0
1361,4sy7mg,6.0
1362,yf4wf,0.0
1363,51rh7w,0.0
1364,51rht9,4.0
1365,5xknh1,2.0
1366,3136sw,0.0
1367,3uh7vu,2.0
1368,30ole4,0.0
1369,5l22bp,0.0
1370,3035ix,2.0
1371,5l3v3o,7.0
1372,8hiyko,3.0
1373,8hihmn,2.0
1374,bkwc4j,5.0
1375,5tbhdo,7.0
1376,3zo8q3,0.0
1377,5u1sod,0.0
1378,2lbghq,2.0
1379,93s9b9,0.0
1380,12td3v,4.0
1381,5husrs,6.0
1382,3vlt1z,5.0
1383,12votx,3.0
1384,953j7a,3.0
1385,4vcxky,2.0
1386,50lcac,4.0
1387,12gsao,0.0
1388,4uzi7y,0.0
1389,92lzi4,0.0
1390,2mdppt,0.0
1391,5u9d1c,3.0
1392,2lsebh,2.0
1393,92y664,0.0
1394,5hojh3,0.0
1395,2hshzp,3.0
1396,2kb2mx,0.0
1397,4vm6it,3.0
1398,2i6syp,0.0
1399,2k86l5,5.0
1400,13h2zl,8.0
1401,2uvueb,0.0
1402,2uwehc,6.0
1403,2hg8yt,0.0
1404,4vhs29,3.0
1405,2k38un,3.0
1406,2k340h,2.0
1407,5wklb1,0.0
1408,5hyyad,0.0
1409,2io574,2.0
1410,49fvh7,4.0
1411,5ub6e1,0.0
1412,4viotw,2.0
1413,2nkvja,0.0
1414,2ixaxs,4.0
1415,5komww,2.0
1416,bbpien,0.0
1417,8va1f0,3.0
1418,8wg5fv,0.0
1419,2r998q,0.0
1420,2rcfpf,2.0
1421,5hcf1q,0.0
1422,2rty09,0.0
1423,bb8q03,6.0
1424,3v3stn,6.0
1425,5u25oh,0.0
1426,10wms9,0.0
1427,bd10hv,0.0
1428,3v07jm,0.0
1429,bc7jtf,0.0
1430,bcmah4,4.0
1431,5ha2hl,0.0
1432,4ujy60,4.0
1433,2ot1yc,3.0
1434,2wt2ht,0.0
1435,2jff0k,8.0
1436,50o77w,0.0
1437,2pjg35,0.0
1438,2o6yms,2.0
1439,4umebd,3.0
1440,2qbied,0.0
1441,49ujl4,2.0
1442,2x6vrg,4.0
1443,50u2vq,0.0
1444,2ja9uy,2.0
1445,b8zpb2,0.0
1446,b9182k,4.0
1447,4uo5c4,0.0
1448,5r5nvs,2.0
1449,1gwxd3,5.0
1450,53ruo9,3.0
1451,44atw7,0.0
1452,1gp24t,0.0
1453,3h31w7,3.0
1454,22swg8,1.0
1455,42wjhi,3.0
1456,6ajp5q,5.0
1457,dniyi5,4.0
1458,3hctuv,9.0
1459,3hf6lu,0.0
1460,53pbxn,0.0
1461,1g0gxa,2.0
1462,5p150q,3.0
1463,53owlw,0.0
1464,3grstd,4.0
1465,4k9sd8,3.0
1466,1gg98e,2.0
1467,60z4q6,0.0
1468,6ch653,0.0
1469,1g8vao,0.0
1470,5ba993,4.0
1471,1j0i3w,0.0
1472,5ow439,0.0
1473,3i2z4r,9.0
1474,54nqpp,2.0
1475,3ok3u9,0.0
1476,68duug,3.0
1477,54oqbu,3.0
1478,5sl4xb,0.0
1479,3iedou,0.0
1480,20xk93,3.0
1481,3ofwvj,0.0
1482,431feg,1.0
1483,4jgawt,3.0
1484,1j4al8,0.0
1485,21v1tn,0.0
1486,4ju87i,0.0
1487,5b73vg,8.0
1488,548ewd,3.0
1489,1huj3d,0.0
1490,545vq4,0.0
1491,69n9p8,6.0
1492,4jt1cr,1.0
1493,54gvdp,0.0
1494,223a76,2.0
1495,5nmw9y,0.0
1496,618egs,2.0
1497,3em2zg,0.0
1498,dbj0te,4.0
1499,266gla,0.0
1500,3eht16,6.0
1501,4vxjt5,0.0
1502,4wbi3j,0.0
1503,4wnewe,0.0
1504,ddhnif,2.0
1505,dd9f81,0.0
1506,4ean6h,4.0
1507,5rrl3v,2.0
1508,3pia5k,0.0
1509,3epfcl,0.0
1510,5c0709,3.0
1511,5ro3ak,4.0
1512,4ui5vk,5.0
1513,5n8wub,3.0
1514,1ch2y4,0.0
1515,3ppno7,2.0
1516,6jmdoo,0.0
1517,6jw4me,0.0
1518,dakupd,8.0
1519,6jyu5l,2.0
1520,26ef0p,0.0
1521,6knwwk,0.0
1522,1f7jcg,0.0
1523,4em5lg,4.0
1524,50utk0,2.0
1525,5btop1,3.0
1526,6flfof,2.0
1527,6ftkas,0.0
1528,5s2vih,2.0
1529,42qcq9,0.0
1530,5bp18z,1.0
1531,5p2w88,3.0
1532,1fbsbe,3.0
1533,3p98rt,0.0
1534,3f8rqp,0.0
1535,5ruzqw,3.0
1536,3f5yq2,2.0
1537,1e0vop,0.0
1538,3ey8eg,0.0
1539,3f3p4a,7.0
1540,4kxwtc,0.0
1541,6gecpq,0.0
1542,42k6ec,0.0
1543,3paqrx,0.0
1544,6gi6go,3.0
1545,4kzh4s,4.0
1546,3dr975,0.0
1547,64uamy,0.0
1548,64vkw6,2.0
1549,57lgpe,2.0
1550,1p2axn,6.0
1551,62ms0p,0.0
1552,64n3ak,1.0
1553,59lhuy,0.0
1554,4g84p3,4.0
1555,64oinr,3.0
1556,57tibe,0.0
1557,5tkhu1,0.0
1558,57938u,0.0
1559,1wbm8f,0.0
1560,3kumqa,0.0
1561,3ku7nx,11.0
1562,574dg3,2.0
1563,e7hfv4,0.0
1564,e76gw3,0.0
1565,5tfeau,6.0
1566,1oofmd,5.0
1567,57gcg3,0.0
1568,57csv3,0.0
1569,5981ec,0.0
1570,6414x3,5.0
1571,58hv9o,4.0
1572,596sml,0.0
1573,5tyegn,2.0
1574,3my8qt,6.0
1575,58x9zp,10.0
1576,58w9bv,3.0
1577,58uqpk,0.0
1578,59dho3,2.0
1579,43lnke,0.0
1580,1qn5q0,3.0
1581,3lw1ig,2.0
1582,1qh5h0,0.0
1583,1qpp2c,0.0
1584,585leq,3.0
1585,ed1tkf,0.0
1586,64ckd4,3.0
1587,1tj4eh,3.0
1588,ef4eop,0.0
1589,59e0tz,2.0
1590,5o8dt7,0.0
1591,4fkgr2,7.0
1592,3o9l8y,5.0
1593,3j4wls,3.0
1594,4iyz1b,3.0
1595,55m3rc,2.0
1596,1kkofb,1.0
1597,66hc0o,3.0
1598,55xvpo,0.0
1599,5ahlr1,0.0
1600,55xi50,0.0
1601,dyhs8o,0.0
1602,3jcxs4,0.0
1603,1jsbyt,0.0
1604,3imj16,0.0
1605,61izfl,0.0
1606,202ffs,6.0
1607,3itkge,0.0
1608,3obs9o,0.0
1609,4j5jp8,2.0
1610,3oc5vb,2.0
1611,66rbnk,3.0
1612,3kc88z,0.0
1613,56tja1,0.0
1614,56mz9k,3.0
1615,56kk2v,3.0
1616,65ssjb,4.0
1617,1n3tqz,0.0
1618,1x64ki,0.0
1619,e59mg2,0.0
1620,56iegy,5.0
1621,1lwlgr,3.0
1622,e1sf6y,0.0
1623,660qrs,2.0
1624,5adzc4,0.0
1625,4395sm,0.0
1626,3jo2ys,2.0
1627,563pkk,0.0
1628,1lyviq,6.0
1629,5t3re8,1.0
1630,3k1tdf,0.0
1631,56cfvv,2.0
1632,4ihh5g,0.0
1633,4m039u,0.0
1634,27w2x5,2.0
1635,3chjxj,6.0
1636,crwrt,3.0
1637,5c9dhv,0.0
1638,5n1tm9,0.0
1639,3c9i32,2.0
1640,27drsi,0.0
1641,5n1nwt,0.0
1642,4qmy19,0.0
1643,d2iwxi,0.0
1644,60ciz7,2.0
1645,4p8cn9,0.0
1646,4rqvks,5.0
1647,3pwwlj,4.0
1648,4rcmyl,2.0
1649,6qk72z,0.0
1650,d3upij,0.0
1651,4m2li8,3.0
1652,4p4uui,0.0
1653,4qj8ce,2.0
1654,5r75f8,0.0
1655,4lyxjg,2.0
1656,5rftg7,0.0
1657,3cxhaf,0.0
1658,4muvpo,3.0
1659,d4cgh,5.0
1660,3c8y9p,0.0
1661,5cceg7,0.0
1662,1byxe6,0.0
1663,3q4ch6,3.0
1664,3cs17z,0.0
1665,5cnzif,0.0
1666,271t7g,0.0
1667,421jcq,0.0
1668,60a1hu,8.0
1669,56f43i,0.0
1670,3vnll3,4.0
1671,2vefpj,0.0
1672,97pppp,3.0
