,id,num_nodes_joke,num_nodes_nonj
0,56evhi,5,6
1,2vbbkq,4,0
2,3k3poc,2,3
3,56lfgg,5,8
4,3ax9vq,3,3
5,4vitzb,6,8
6,97wnik,9,9
7,4hvhg8,14,0
8,65rh7d,4,4
9,5zuq15,2,4
10,3cjvd3,7,6
11,5d4fr6,8,15
12,2jai8a,10,10
13,5zu8fr,4,5
14,5hpnjq,4,4
15,4v7m6d,6,4
16,93l58u,7,7
17,2lbtag,6,6
18,93l2o5,8,9
19,4v407m,4,4
20,2m8psj,5,5
21,2w3yt3,11,10
22,2vundw,4,4
23,4ij2wh,6,6
24,3jti3p,2,2
25,2m2l4c,8,9
26,2vucrt,4,4
27,2k7avm,12,12
28,3vlctr,6,6
29,5ht50p,6,6
30,5d4lt0,4,4
31,4vf0fr,4,4
32,96hna4,0,0
33,2jov71,10,10
34,94lmms,6,6
35,4igvyn,3,3
36,3jvuly,7,7
37,4hkck3,4,4
38,4vapwo,9,0
39,95290l,5,4
40,2vqorp,7,7
41,2v404t,5,5
42,3nw5la,9,0
43,4vzvbl,3,4
44,9ci2xs,5,5
45,9drfs2,13,12
46,65lnev,2,4
47,3khd0r,7,10
48,2e9d5b,11,9
49,3ki5zk,3,4
50,4w0g1h,4,4
51,2erp8u,5,5
52,2f256m,5,6
53,5wdh16,11,11
54,5a4jfm,9,7
55,2fbgke,7,7
56,4vwfhm,6,6
57,5wdqaj,5,5
58,4i6biv,4,4
59,3ql25n,5,5
60,2eyz0o,7,7
61,2ugvlk,9,11
62,9duzs3,5,5
63,2crwvn,6,6
64,5iax1q,8,6
65,2d1dw3,4,4
66,9f1z66,11,8
67,5w9hr7,3,3
68,5ic4so,7,6
69,3nurrb,6,6
70,3nutv7,3,6
71,5ib8j6,15,13
72,9exhbo,5,5
73,2dnh6n,11,12
74,4fy8ff,4,4
75,56yzkm,2,6
76,2drw2r,5,4
77,4i40d7,2,4
78,3vyv68,4,4
79,3kls7b,5,5
80,65izxo,3,4
81,9ei2nm,5,5
82,2hi0st,5,5
83,4d960q,5,5
84,2v1gmy,8,6
85,5ckjqo,3,3
86,2uwsye,4,4
87,3ka9o2,4,4
88,56nfo3,2,3
89,56o19i,4,4
90,3ka82e,8,8
91,65r5mp,25,2
92,624qww,0,0
93,4oroxo,8,6
94,2v54a7,4,3
95,2v5r6r,2,2
96,56pcgr,4,2
97,6vs4wq,3,3
98,2ftuq1,9,9
99,499isi,16,0
100,56too3,4,3
101,2fquuc,4,3
102,3b2kaz,11,11
103,2fpwo9,6,4
104,9beua6,9,11
105,2gn45i,4,4
106,9aaurf,3,3
107,3qliv7,3,4
108,49bnba,4,4
109,5zv3l2,2,3
110,2usbuw,4,5
111,5i45fy,3,4
112,4i9tcw,4,5
113,2mck5t,7,7
114,2xyfi9,8,8
115,3v17fc,9,9
116,3j17vx,7,7
117,3j0pin,9,9
118,4njbju,6,6
119,8svdth,11,11
120,6ya6ao,7,5
121,2tf9jm,6,9
122,3j2uw7,7,7
123,2y400r,4,4
124,3iz3p0,3,4
125,8s4yu7,4,6
126,4j29az,5,5
127,2xvdqr,5,4
128,2xo844,5,5
129,2sf219,7,7
130,49xmw3,3,4
131,6y3qs5,11,0
132,5x0d2u,5,3
133,2s8euq,6,6
134,4ucdyg,9,9
135,2sthdi,5,7
136,2suxoq,3,3
137,3ag70o,6,6
138,5al3jm,6,5
139,2smalu,3,3
140,55n2fj,4,3
141,2xqmbk,10,10
142,3v3i8z,5,5
143,5h14kw,10,8
144,66r45o,6,5
145,4epjpj,8,8
146,5x8yd7,7,2
147,4tyazn,3,4
148,2vmski,7,7
149,3oc2yf,4,4
150,3qslo2,3,2
151,2ylj3s,6,7
152,6yz370,4,4
153,4d1e6v,9,9
154,4nnv4o,6,7
155,8otveb,4,5
156,5aqbip,13,0
157,557aok,6,5
158,5h0s55,5,5
159,2uwvcf,5,5
160,4u1cma,3,4
161,5d8a3i,6,6
162,5anie5,4,4
163,5h39cg,0,0
164,4u228g,8,5
165,2unrse,4,4
166,2y73h3,4,5
167,4u0kdo,7,6
168,5h2lmm,4,4
169,3obqbq,3,3
170,2vc67a,5,5
171,3iu4xe,6,6
172,66odmn,7,2
173,8v1gba,5,5
174,4mdi55,6,6
175,564400,10,0
176,5agakj,5,5
177,2o7vbk,5,7
178,2why8b,4,4
179,3aqmj5,5,3
180,4uvsto,11,0
181,2wjc0h,5,4
182,2nwc7k,4,4
183,3qolri,12,0
184,2ws8b7,4,0
185,2pfgnb,12,12
186,6xdo73,8,8
187,2wpyna,3,6
188,5hgs5y,3,5
189,3aqqlu,7,7
190,2w8tsp,3,2
191,49nzif,5,5
192,2n38wz,2,2
193,4i1uom,2,2
194,5ae5bu,7,8
195,92mkl8,6,6
196,4v25d4,4,4
197,56728g,5,0
198,49npzq,5,5
199,560974,10,11
200,2wbo63,8,8
201,61zgdb,4,6
202,2wg80b,4,4
203,4in0ip,6,5
204,4fputa,8,7
205,5ae6o5,4,4
206,91nujj,4,4
207,3vek79,3,3
208,5hg1io,7,7
209,4ivsqu,6,4
210,8w6qks,3,2
211,2xd8wj,2,5
212,4nhkox,5,5
213,2qrfyj,7,7
214,3jda7m,8,7
215,6xxsij,5,6
216,3v75m5,5,6
217,66dude,5,5
218,8v9abs,6,5
219,2xkcrm,6,6
220,4udkgx,2,4
221,2rsoka,4,3
222,2xeob5,5,5
223,2xez8y,0,0
224,4ufzyc,6,0
225,5hcd4s,2,2
226,2pxamy,9,9
227,2wyd0q,6,6
228,3ammu6,5,4
229,2q25mp,7,7
230,5wua1y,0,3
231,3va910,7,6
232,5ahhol,3,4
233,5wu2g1,7,7
234,8ylptx,10,10
235,4ukazn,4,4
236,5he6vz,5,3
237,6pmzgd,3,3
238,5aisyf,5,5
239,4pfckm,2,3
240,2qj578,6,6
241,2x47uk,4,4
242,4pcfum,3,5
243,66b7h6,3,4
244,3jeykn,10,11
245,2txxeg,2,3
246,4y1y6p,3,3
247,5j5i3y,4,4
248,5j5fsr,7,5
249,48bi6z,4,5
250,2qcu7m,6,6
251,6465di,5,5
252,3m5soh,4,3
253,1li0ko,4,7
254,4y2u9z,3,6
255,4n9x7y,10,10
256,4gzj43,5,5
257,1n1d5i,5,5
258,58c23s,4,4
259,5vhesa,2,5
260,1mqog8,19,19
261,4y3lym,4,3
262,a4oih9,3,3
263,5j7ttd,17,17
264,4msh47,4,4
265,2q72up,12,0
266,4gv8ha,5,3
267,a5didn,4,4
268,59aqqq,8,8
269,5j8x6q,5,5
270,1k0b4z,7,5
271,1k1i0p,7,8
272,635b5j,5,5
273,3x8wc4,4,4
274,58evf2,5,5
275,644fyl,4,5
276,2q80o5,3,3
277,643o4b,3,3
278,a45qst,10,9
279,1kz4qy,4,4
280,5iz0al,2,2
281,2r2po8,5,5
282,1qmhxz,3,5
283,4xq9r5,7,2
284,1pzuvb,5,5
285,5iz8wc,5,5
286,62xp9s,6,6
287,9y4tfu,13,2
288,1rwu3g,5,5
289,5vowom,2,2
290,2ra4ub,4,4
291,5zz11w,5,5
292,9xilpa,6,12
293,1r63a1,7,0
294,5vobdy,3,6
295,9xm222,15,11
296,4lfp3e,9,7
297,589eyr,9,10
298,4xwqzp,2,4
299,64b95p,28,28
300,6t1nr9,6,4
301,5j3adm,5,7
302,6rgsni,8,7
303,64dg8i,4,4
304,3lxn9n,5,4
305,1pmeqv,5,5
306,2qzf4a,5,3
307,3bsr0c,4,4
308,4h2crp,11,11
309,5j1nsg,4,4
310,6t20g4,4,4
311,5885zs,3,3
312,637fct,6,6
313,3mr0l9,2,5
314,2oyukh,3,4
315,2oz8ur,7,7
316,58wn61,6,7
317,4gmvjr,2,2
318,2owlmd,9,9
319,5jg95q,5,4
320,4ylzyk,9,6
321,5crm5p,7,7
322,3xiiyb,5,9
323,5v84q6,7,7
324,4ynm6l,4,6
325,2ouhss,4,0
326,3qa1pn,4,4
327,adqciq,10,10
328,1aus2t,6,6
329,3mw8n7,4,4
330,6s0h8l,3,5
331,2od55x,4,3
332,1a2tsk,3,3
333,47reto,3,3
334,1c1qjf,5,5
335,5948as,4,3
336,1bv6kt,5,6
337,592yn8,5,5
338,3c1bvz,6,5
339,58p45j,5,3
340,5vc23g,4,6
341,58ogo2,5,6
342,2po6du,6,6
343,2pqyep,5,7
344,a6y199,7,7
345,5vc9um,5,5
346,1j4b57,5,5
347,3mf9xa,10,8
348,1jbtf2,12,12
349,a5s6ke,4,4
350,4yabfb,5,4
351,58ndmw,8,0
352,4y9x68,4,6
353,4gu0pa,0,4
354,2pe0pf,3,3
355,1fy9zm,11,11
356,3mkzws,4,3
357,a8rhob,6,6
358,5vai6s,4,0
359,4gqksm,5,4
360,1fazzg,7,4
361,a9h2yv,8,8
362,2pirpq,6,4
363,58qf12,4,4
364,4gsjab,2,3
365,3xdwej,9,8
366,2pmk64,4,5
367,5crphl,4,4
368,3xfbex,5,4
369,1ggzr6,8,0
370,a8eu80,6,6
371,a8cpeo,15,14
372,4grwlc,6,4
373,4wo23h,4,5
374,5w3ic3,2,3
375,655mg1,5,6
376,2t55fb,9,8
377,27npmp,4,2
378,26uwaf,6,7
379,2t0oqc,2,2
380,2t0vi3,12,13
381,9l1kok,5,5
382,274sco,10,10
383,3wb5wg,3,6
384,6qmswr,10,10
385,4o4vlv,2,2
386,4hv98g,4,4
387,28bye2,9,9
388,4hvhov,3,3
389,4uhepu,4,4
390,2izn1r,3,4
391,bb73xe,5,5
392,8vw5oc,3,3
393,2xwtc8,10,10
394,bcue97,4,4
395,4u72q9,9,9
396,8sl2xy,7,7
397,10vlce,7,7
398,2xzzao,11,11
399,3v3nt0,4,4
400,5u3l56,6,8
401,5hb1uo,2,3
402,2t4m5m,2,2
403,3v2os8,4,5
404,2ta4mh,9,8
405,8wolcb,9,9
406,2om1g7,8,10
407,8z2qvl,5,6
408,2ocvdw,7,7
409,8zm670,6,5
410,5khw5v,5,5
411,90jbxq,3,4
412,2wkq9l,5,5
413,2wm2bo,9,8
414,4umahw,4,5
415,4ulqck,7,7
416,2x67um,7,6
417,2qlb06,2,4
418,bagb6h,6,6
419,2jacne,10,10
420,2wyc1w,4,4
421,6ru8po,11,0
422,5bdof9,4,4
423,23e29x,12,0
424,5oyojn,7,7
425,3oweam,4,2
426,6bp99p,4,4
427,dlx2xg,2,2
428,4jy0xe,3,4
429,4jz5se,6,6
430,5427pq,6,6
431,1hfywn,7,7
432,3osvbb,4,4
433,235j2e,8,0
434,3hirwt,3,4
435,4k8ywj,3,4
436,53dboa,4,2
437,24b4es,6,6
438,42sme9,6,6
439,6d8xcn,5,5
440,4kiaq4,4,3
441,5s4xu5,4,4
442,53g3bj,4,4
443,5bgzso,8,8
444,3ozpdw,7,0
445,4kcx2h,3,5
446,60yirg,3,3
447,53mafl,8,9
448,1j0qvt,3,3
449,67mmnw,5,5
450,21h0pk,4,4
451,21k0tq,9,7
452,681q65,12,12
453,54nq92,4,4
454,42zrly,7,7
455,68gu94,6,6
456,5axzq4,6,8
457,445x98,8,8
458,3ofm91,2,3
459,3id054,4,4
460,54xitc,4,3
461,4311hv,9,7
462,1j5y6z,8,10
463,1j4o0u,5,5
464,1j3wnu,8,8
465,69pgr4,4,4
466,22ehxi,5,6
467,3hm6ao,2,2
468,4jwj71,8,8
469,22gwhw,3,0
470,5b5ogw,12,11
471,5b1hjn,13,0
472,42yrjt,7,7
473,696ecn,9,9
474,4f50mp,6,6
475,69dx2v,7,7
476,3oo6zc,9,9
477,1ft3bm,9,9
478,6itrsy,4,4
479,dbju4r,3,4
480,4wboze,2,4
481,4w6dko,5,6
482,4vyjpe,6,5
483,6jhm6k,8,8
484,4xh96p,7,7
485,5rrzyw,7,5
486,4x6iln,3,3
487,4wo0gs,6,6
488,4wy3jw,4,4
489,3e2ejd,6,6
490,6lgk62,5,6
491,6lqimu,2,2
492,5c2ogh,3,5
493,26bqpi,5,5
494,4lifmb,4,4
495,6jynoe,5,5
496,6jz05f,3,3
497,6k64b6,8,5
498,dacxpj,5,5
499,3pn5jk,3,4
500,5ndmun,3,2
501,50wtxp,4,2
502,dhpg21,11,0
503,4em47x,2,5
504,1f3nfg,10,10
505,1f2vpo,5,5
506,3fscp0,11,12
507,5bt7d7,2,2
508,52a0v9,5,5
509,3gbbo8,3,3
510,51reno,6,5
511,3g4x55,2,7
512,5p2yup,9,9
513,3fov2s,3,5
514,25pamz,4,5
515,1ec2kq,2,2
516,3f672a,3,4
517,4xwe5e,3,4
518,de1ijn,7,7
519,25xwi7,8,8
520,60npct,4,3
521,1eve0o,5,5
522,25h65x,6,6
523,3pa8hg,3,3
524,4zmlbw,11,5
525,6gf4jo,11,11
526,6gjmin,4,5
527,3ff823,4,3
528,3pbqji,8,8
529,3lh8oo,3,3
530,57p7p9,9,0
531,64vq3u,0,2
532,1vc28n,3,3
533,4hmrhe,7,4
534,59t3jq,5,5
535,1p2hty,7,7
536,5thb97,6,6
537,3lpu8k,3,4
538,ecfa9w,3,2
539,64nayo,10,7
540,5o4uqr,4,4
541,57wxis,4,4
542,4he2pb,4,4
543,1uxomg,4,4
544,1q0i6n,8,8
545,59zon0,2,3
546,e858ej,12,8
547,4hz4f7,5,5
548,3ntcd5,4,4
549,43xwmc,3,5
550,57hij0,4,3
551,1vrn4q,8,7
552,e9h2f9,5,5
553,1vwa7i,7,7
554,62j7dh,4,4
555,5o34g8,2,5
556,3mnzs6,5,5
557,58qrwd,3,4
558,3mc7ac,5,5
559,1tdsvz,7,6
560,3m9jec,2,3
561,3mxt4r,4,8
562,43r13m,8,8
563,5oe2hm,7,0
564,1s7pm2,10,0
565,4gmpwu,3,4
566,63kpyc,10,11
567,1spj4i,3,5
568,593f9l,3,3
569,58dma9,5,5
570,43lj7q,2,2
571,64e2ub,3,4
572,1qhd07,4,5
573,64fb30,9,8
574,58409r,5,4
575,59k9ml,10,9
576,59gm4w,7,4
577,5ogvky,6,6
578,ef3xzv,5,7
579,4gd56r,3,3
580,1qxkfp,5,6
581,1qvkso,5,5
582,5o8gqg,9,9
583,65in0t,4,3
584,3j9vdh,10,10
585,5ak0lc,5,5
586,3j763q,6,6
587,55o76j,5,5
588,5ntk10,3,3
589,66hkqs,6,6
590,55ltru,6,7
591,3j3jv9,8,8
592,55t61m,7,6
593,669uzy,2,2
594,5org5s,6,6
595,1l8tk6,5,5
596,5nus0z,7,7
597,5oskdc,5,5
598,1jqzb9,10,10
599,555nxz,7,7
600,66y0nl,8,9
601,dus2q0,7,9
602,3obc8k,9,9
603,61n9y4,6,0
604,66qdll,7,3
605,20dfpq,5,7
606,1jx14f,7,5
607,558w2n,10,0
608,3kd2rw,7,7
609,5on8t5,5,7
610,4iassq,5,4
611,65qih6,6,6
612,56ls75,3,0
613,62avxi,4,4
614,e56l0z,10,10
615,1x25ie,3,3
616,e5azds,12,9
617,65t3ka,8,0
618,56hh9j,4,4
619,66063u,7,7
620,4ii25p,6,6
621,6618ee,5,5
622,4411ex,5,5
623,6201ud,9,9
624,5ag0at,2,2
625,566yj8,5,5
626,4fu3nr,3,4
627,1xr4y6,6,6
628,1mc758,11,11
629,5acbqv,3,6
630,3jx352,3,3
631,65zuve,7,7
632,56a7f4,8,8
633,3pq18w,6,6
634,3q3zjt,7,7
635,4onsio,6,3
636,6rq7pb,3,2
637,44te2j,8,8
638,5rgk8e,3,3
639,4qy4b4,9,9
640,4m97u2,8,8
641,d25xs2,4,4
642,3pzbbt,7,0
643,4pqgka,6,8
644,44sa82,5,5
645,5ck81l,4,4
646,4mcydk,8,8
647,1bt9sg,5,5
648,4lv0to,2,4
649,4prn8n,3,4
650,4ngobu,4,4
651,602pf5,5,6
652,6ns1ar,4,4
653,4nwrrz,4,6
654,d2ylyy,2,7
655,9m108,7,7
656,3psn5h,3,3
657,3q7blc,4,4
658,4dvov9,7,7
659,3decsd,11,0
660,5rgnwu,3,2
661,3pwoc1,0,6
662,3cjqqp,5,5
663,4lxpus,6,7
664,5r7db7,7,7
665,6rlegy,11,9
666,5rijhr,5,5
667,3cqu7e,5,6
668,3d1fus,6,7
669,4p5eij,6,7
670,3cx28d,4,4
671,3cfa0p,3,5
672,6rlecc,7,7
673,4qudyi,5,4
674,982kbm,9,8
675,96xjs0,9,9
676,6pz6pw,7,7
677,4ien19,13,13
678,5hw62q,7,7
679,2itpcc,5,4
680,2imqg8,12,10
681,3volag,6,6
682,5wjkch,9,9
683,4vii6m,6,5
684,5wjgrs,3,3
685,3axbwu,4,3
686,5d4608,6,6
687,5a7skj,3,7
688,2vhdt4,6,6
689,97ye10,9,9
690,3avo5l,14,15
691,56gjkn,4,4
692,2vz41c,17,10
693,5wotln,5,5
694,5hpo95,7,10
695,56a7i0,8,7
696,49kv52,8,8
697,4h9v39,3,3
698,4mdvnr,7,2
699,3jt11p,2,2
700,2m8qyh,6,6
701,2mcbv5,13,13
702,931wai,5,4
703,6wzw3u,3,5
704,5zu3y4,16,16
705,3vhk0e,2,4
706,2vmsz3,4,7
707,56d30a,9,8
708,95w7pn,5,5
709,3vmw41,3,4
710,2jpwxu,6,6
711,56e54i,5,0
712,2vkvo1,5,8
713,2krs5q,9,9
714,94ubqr,6,6
715,4v9d3y,4,2
716,95ig1v,7,7
717,3jxgjc,5,7
718,3qmunv,3,3
719,56bega,6,0
720,95nsqh,8,6
721,987yi4,12,14
722,3qkvjk,10,10
723,2ucz4r,6,0
724,5i81a5,3,3
725,2edm00,5,5
726,2e5dkl,4,6
727,2e895b,4,4
728,2e9o6h,3,3
729,9dah54,5,4
730,3chw6l,4,4
731,56v5ec,8,8
732,9c08ig,6,5
733,3vveao,3,4
734,56uh00,3,3
735,2fkqy5,5,0
736,2fl0lv,3,3
737,4ilg3n,11,6
738,9c7kak,6,6
739,2ez4dn,4,4
740,4ipffa,6,6
741,9dv5ss,5,5
742,5d22n2,6,6
743,4is96f,3,5
744,2u2v97,3,3
745,3w2mhy,10,0
746,5a2bfo,5,5
747,3w1hpx,3,3
748,5a2pm0,4,4
749,3kmwca,6,6
750,5i5z5w,6,0
751,4n7shw,6,6
752,9e6ofy,5,5
753,2u6sye,4,4
754,2u6y4a,5,5
755,62a7a8,8,8
756,4iqsrc,4,5
757,2u6btv,2,4
758,9erolx,6,5
759,4i31gy,4,4
760,4vo0lm,2,2
761,4i1xxq,4,0
762,99srnz,6,6
763,4vpz4f,4,4
764,2uxnks,5,6
765,99xhgj,7,5
766,99ss7h,2,4
767,56n8hk,5,4
768,3k93p1,4,5
769,2i5snk,10,0
770,56m9o2,7,7
771,98drj3,7,7
772,98kfse,5,5
773,993hgp,8,7
774,65qra0,3,3
775,4ibf6u,4,5
776,65phfh,4,4
777,2ftujg,4,4
778,65nfq7,9,9
779,2g2yz9,4,4
780,4i87e2,4,4
781,2ulaug,10,10
782,5d385p,7,7
783,5i5vgx,4,4
784,2ukhji,4,3
785,4opa94,4,3
786,3b1lmp,0,6
787,4vrm19,2,2
788,4i8khz,9,10
789,5i3mxw,3,3
790,65p6ml,12,14
791,2uspcj,5,2
792,4vtkpz,3,3
793,5weqa6,3,4
794,4vsg6f,3,3
795,2tkg2i,6,7
796,4u781e,6,0
797,8sv9jt,4,4
798,5h8ak6,5,5
799,2t9u4l,5,5
800,4fjmj7,5,5
801,3v24we,5,5
802,4izwe6,5,5
803,3q0x3t,5,7
804,4u48e4,5,7
805,3afuxi,3,4
806,4u503a,7,7
807,5x3q8e,3,3
808,55g3nu,4,4
809,3j3nz3,6,6
810,4ubvr7,4,4
811,2segcc,5,6
812,2xoy9l,7,7
813,3o9jnd,3,4
814,2xnew3,12,12
815,4fkct7,5,5
816,66fv8i,7,7
817,3j71g2,6,0
818,2xsonb,5,3
819,2szkqc,4,4
820,2xux1k,2,4
821,5haq0i,3,3
822,4ffhkx,4,4
823,6y5r3e,6,5
824,8tyfxd,13,13
825,2spf0w,8,9
826,2y5qfv,11,11
827,4j5ytj,10,6
828,6p1q3s,4,4
829,2yk68l,6,6
830,4pxqwe,4,4
831,2vnxuw,5,6
832,2yhfkf,5,5
833,8pv9h5,4,4
834,559dky,3,3
835,2w8vss,6,6
836,4ek9im,3,4
837,2wky2f,3,3
838,2woued,6,6
839,3uqz6g,4,4
840,5h0yge,9,10
841,5571rb,3,0
842,4tvjq6,4,6
843,4j2p5m,5,3
844,2y8kpg,14,13
845,3uvj4n,5,5
846,5h3f6h,6,0
847,2y9lj1,5,5
848,2y9iyj,7,0
849,3ux226,4,4
850,4nk6m5,4,4
851,2y7ed7,6,8
852,55b2vm,3,4
853,2vb60x,7,4
854,3obv87,5,5
855,2v7mnw,8,8
856,55c1gn,5,5
857,5aowpo,5,0
858,3vcq4t,7,7
859,2o5tl4,12,0
860,4gqxy7,3,3
861,5wsqfw,5,5
862,5hjrun,7,7
863,5hjnvu,5,5
864,3vd0c0,7,6
865,6x9b17,8,6
866,2wjjvb,8,8
867,3jkwuh,7,8
868,2pf3yv,13,10
869,2p3yi9,3,3
870,4gkddc,4,4
871,2oyr4k,4,3
872,3aog3r,6,6
873,90t4pg,6,6
874,5hnhgu,3,4
875,4il9o1,4,5
876,2wa0w1,3,3
877,4h1bnq,5,5
878,2mrxmy,4,6
879,2mh9zb,8,0
880,92kw9g,6,5
881,4h1bvf,5,0
882,2w7g5a,9,9
883,4uzpya,6,6
884,4fptzf,4,4
885,2wfd51,5,5
886,3veblz,8,0
887,2noqo0,0,0
888,564xsg,3,4
889,4ilv68,6,3
890,2wbv7e,6,6
891,3jq59q,5,3
892,2ni97o,3,3
893,4uh8oi,8,7
894,2xdoke,6,7
895,66clw7,8,5
896,2x88s3,7,7
897,2qpjpp,5,5
898,5hdk9r,4,4
899,2xags6,4,4
900,2r0qly,4,4
901,8w3cwr,8,7
902,5ajwpk,7,7
903,5x042p,6,6
904,3j9kva,4,4
905,3ajta1,3,3
906,4ugdp9,3,3
907,66dgez,13,13
908,2riyla,4,0
909,2rr8s4,7,7
910,3v9xr5,5,3
911,8y30d8,5,5
912,8xy2va,7,7
913,2pubz4,6,5
914,3an0o2,6,5
915,2wwomm,5,5
916,3o6o4b,8,9
917,61wucp,7,7
918,3jhnhh,3,3
919,2psei7,7,7
920,3jekz4,3,3
921,3o8m8j,3,4
922,4ukv7k,5,7
923,61tmbc,7,7
924,4ukpg1,4,5
925,2x4a2d,0,9
926,5hf4lm,4,4
927,2x3uk3,7,0
928,4g496d,11,7
929,3x6h6m,4,3
930,1lzv4x,4,4
931,4dix5w,8,7
932,1mbk89,7,7
933,58dfyl,11,7
934,1lbou8,6,0
935,5vft1q,2,2
936,4gyb8u,6,6
937,3n95e8,5,3
938,1lf8yx,4,4
939,5vhze4,6,7
940,58bfyv,6,6
941,4lual9,2,4
942,1mjr45,8,0
943,58bxoa,3,3
944,1mtebi,11,7
945,1mnpta,7,5
946,4y3qnd,7,7
947,58j5u5,4,6
948,3mdb6k,4,4
949,1ke5ww,7,8
950,5vdid5,6,8
951,4msfh3,7,6
952,2q2uaq,5,7
953,3n6izb,4,8
954,58l95u,5,5
955,4y65tj,5,0
956,5j6grc,5,7
957,4gx1bh,4,2
958,2qams4,3,3
959,3c53lu,5,3
960,2q8kpx,2,4
961,3mammx,10,8
962,1n3zl5,6,5
963,5iz3ew,5,4
964,2r344i,6,7
965,2r4fba,9,10
966,2r28b5,6,6
967,3lwizf,12,10
968,1q1ktk,6,6
969,1q68t5,9,6
970,4nkh5b,10,8
971,1rkq2r,9,10
972,9wzo68,4,4
973,59i42u,8,8
974,4xp35m,5,4
975,1qzzg8,3,3
976,1r8b6t,5,5
977,9xmr04,5,7
978,3wx7n4,10,9
979,63z7q1,6,6
980,3m0pqd,4,7
981,5ctk35,4,4
982,3n9zzq,4,3
983,3btqze,0,6
984,4lj190,4,5
985,6t3l8g,5,5
986,64dxkn,9,9
987,588vs4,10,12
988,3x1lwl,4,5
989,4xvnzk,6,6
990,64cv3w,3,4
991,1p472z,7,3
992,a5f8hu,14,14
993,5j98c9,7,4
994,5jh4cv,11,11
995,58vqnw,7,7
996,6rqzom,4,4
997,58wiwm,5,6
998,3mr381,5,5
999,1cyoxo,6,7
1000,5dyios,8,3
1001,3m62ec,5,4
1002,5lu6bi,2,2
1003,2ec34p,2,2
1004,345seb,0,3
1005,5yipwd,8,7
1006,5yix2j,4,4
1007,4qii0e,4,5
1008,34hw6c,4,5
1009,3nggqr,13,13
1010,4bltip,6,4
1011,3nsg4q,4,4
1012,2e4qvq,3,3
1013,4qbgt8,7,6
1014,s2mym,5,7
1015,s2gah,3,3
1016,34gagp,4,4
1017,7pcjsd,4,4
1018,rzx53,2,2
1019,tmdkf,6,6
1020,45rjik,3,5
1021,5ffgn1,3,3
1022,4qt7eh,4,3
1023,2euh5x,28,0
1024,3ilaeb,2,4
1025,3i2a1f,6,6
1026,7w3sdy,8,8
1027,7vzost,5,5
1028,tvk5i,6,4
1029,3jng8a,4,4
1030,5yh93u,6,4
1031,3l3u03,4,4
1032,sww0e,15,15
1033,5r5kk8,4,2
1034,45qla9,16,12
1035,33odqa,0,0
1036,4qpp3h,9,9
1037,45lta6,5,4
1038,3rrudz,4,5
1039,3s0kg6,4,4
1040,c9tpgp,6,5
1041,3rmic6,7,7
1042,3r67m0,6,6
1043,qcsho,8,8
1044,3rj08h,4,4
1045,40wzte,6,10
1046,3thckj,4,5
1047,35uvnp,8,8
1048,7hzuw5,13,0
1049,pwdrr,9,5
1050,35nmmu,7,7
1051,35j0t5,3,5
1052,3skas1,4,5
1053,34x0ek,6,6
1054,5evjqm,8,8
1055,2dznjt,16,13
1056,7mzu6t,7,7
1057,4q386t,11,11
1058,5lwao9,4,5
1059,7ns6xq,8,6
1060,7nq5nc,9,0
1061,3pr02f,6,7
1062,r53yi,2,4
1063,2dsjoy,4,4
1064,7m1366,3,3
1065,qq4nn,2,4
1066,356lek,3,3
1067,357sua,6,6
1068,357uau,7,7
1069,52w08e,5,3
1070,3pz8en,6,6
1071,3ptsjk,4,5
1072,3q3zij,4,4
1073,2dxhsi,7,7
1074,5xwnij,5,5
1075,3ttowr,16,16
1076,39b3fn,6,6
1077,87tbyx,6,6
1078,31aozd,4,4
1079,2gfep7,6,6
1080,4rz2rl,6,6
1081,31txwq,3,3
1082,85s71f,5,5
1083,4avhb8,11,11
1084,869cth,8,8
1085,3ahpgq,4,5
1086,87hmtg,11,7
1087,31p3x8,4,4
1088,3aauxc,7,7
1089,3ab8i6,3,4
1090,3tqava,5,7
1091,3175ca,2,3
1092,51ubyu,3,3
1093,362bqf,13,13
1094,xz4mb,4,2
1095,35m3n4,3,3
1096,4stmc8,4,5
1097,y7dby,6,6
1098,30myjr,7,7
1099,35aapt,4,4
1100,30puwd,6,6
1101,35i6f9,4,6
1102,xxb5e,6,6
1103,373cv1,2,6
1104,xm0bc,6,6
1105,5xtah7,6,6
1106,36dcxf,5,5
1107,3668d2,3,3
1108,8blilv,9,10
1109,51w1wd,8,0
1110,bxqw5f,6,2
1111,3fq26y,6,6
1112,3g0sru,6,6
1113,4b56qy,4,4
1114,32omob,6,7
1115,4reoha,6,8
1116,5fs0d4,0,0
1117,3tdr3v,5,5
1118,5lk4vj,3,4
1119,3g71vs,3,3
1120,336f7m,7,0
1121,336k29,3,4
1122,7x7k24,8,8
1123,4r12y1,2,3
1124,338sp1,5,9
1125,3hpkpt,3,3
1126,32xioh,2,2
1127,ulw61,4,4
1128,4r77hj,19,6
1129,3tajfx,5,5
1130,3h6bld,2,4
1131,7wmgjs,6,6
1132,80nn0d,8,8
1133,2fxq5c,11,0
1134,83jnch,6,7
1135,83pcpu,5,5
1136,5fy4e0,6,0
1137,84xn4s,7,7
1138,3c38kr,5,5
1139,3tlkyl,5,4
1140,2fysn4,8,6
1141,83wa39,10,0
1142,vhbym,3,4
1143,3dx6p9,5,5
1144,3edzxb,6,6
1145,32lbg3,2,4
1146,5fvmwr,3,5
1147,5fvh7z,4,3
1148,32d5aj,6,6
1149,vll6x,7,8
1150,5rwn9n,7,7
1151,3tgnoa,5,5
1152,35x9vj,5,0
1153,4dnu6a,3,2
1154,iz2on,4,4
1155,3a7i20,4,6
1156,5ddjbp,2,2
1157,3a5x5s,6,5
1158,jf2yg,4,4
1159,4ct17s,9,7
1160,2a8piw,0,4
1161,crdfb4,9,9
1162,crkj2v,6,6
1163,4np2dy,6,6
1164,3ag7km,5,0
1165,4fw5cb,2,2
1166,isgbp,5,5
1167,3qvviu,6,6
1168,3ab1n1,6,6
1169,6ywwpi,4,4
1170,3adt04,5,5
1171,2apqp0,11,0
1172,5dlgra,4,4
1173,73mw1t,4,4
1174,456u8d,10,9
1175,737sxo,5,5
1176,4o2nbm,5,6
1177,713fpa,4,4
1178,70xjlo,5,5
1179,5dh1q7,8,8
1180,4b09ae,7,7
1181,71vbmz,0,4
1182,k1u2f,4,4
1183,4kz9ze,0,9
1184,3qf89y,5,7
1185,4l77b4,0,6
1186,3bq6rx,9,9
1187,6t69u6,10,8
1188,6uf5fq,8,8
1189,44xsmo,5,8
1190,4n1z4j,5,5
1191,6u26ox,7,6
1192,4n0lpt,5,5
1193,6002om,6,3
1194,4mi17x,3,3
1195,6s4ic6,8,8
1196,4mn40q,4,5
1197,3bttqu,4,4
1198,euhyt,16,0
1199,3bvi0d,4,4
1200,6skox0,9,10
1201,cnkkdu,5,5
1202,g8ffs,7,6
1203,6wk07r,5,5
1204,5zunav,14,14
1205,6waps9,12,14
1206,4i0dhg,5,5
1207,4hkr2r,7,8
1208,4hbawd,5,4
1209,4g81ws,11,7
1210,6xat5a,4,4
1211,41sa6z,4,4
1212,cuco2w,7,0
1213,6uwt6r,6,5
1214,4jj6sv,7,7
1215,3bbqvr,11,11
1216,41uwrj,5,5
1217,cvkz5n,5,5
1218,6vo302,4,4
1219,6vhv3h,15,3
1220,gs5zj,0,0
1221,4c6bhc,2,4
1222,4p8kvr,3,6
1223,4c6x6j,4,4
1224,36po65,2,2
1225,ogrww,6,6
1226,3x0zgd,8,8
1227,3x7qgt,4,4
1228,5edau5,0,3
1229,36rjzi,14,16
1230,cf2lee,6,6
1231,3zc2cm,4,5
1232,3zizrz,4,5
1233,4cbua9,5,5
1234,4p0eip,4,4
1235,4p5p40,7,7
1236,3ygnlb,3,4
1237,53bucz,0,6
1238,53c7z1,5,6
1239,5z6rin,2,2
1240,36pkcv,4,4
1241,534gzp,3,3
1242,3ureyo,8,8
1243,7g4ao0,8,8
1244,pd2rc,3,4
1245,cc4q3i,5,6
1246,pl92t,8,8
1247,pj1mb,4,4
1248,cbv1c9,7,7
1249,7gulk0,9,9
1250,4pew7y,5,8
1251,3w6zwn,7,8
1252,411pjd,4,4
1253,5eh06m,10,0
1254,3v8wnj,4,4
1255,7fmdsg,2,2
1256,7fjytn,23,0
1257,3vkj9f,5,3
1258,36h3mg,4,10
1259,5mcjh8,5,5
1260,cl2xbb,8,8
1261,lsf80,5,5
1262,469575,4,6
1263,3ri74z,8,8
1264,5q8y6i,4,0
1265,5duhw0,3,6
1266,5pvwad,9,7
1267,45atzl,5,5
1268,4cji50,6,6
1269,5ptm87,7,7
1270,41ghxa,4,4
1271,4579mw,6,7
1272,4cpjeo,4,4
1273,47v4aa,9,9
1274,75ool2,3,2
1275,lfrze,4,4
1276,47c4r4,5,5
1277,75d8bt,7,6
1278,4215tq,3,3
1279,79mjx9,4,6
1280,4cfa4o,8,0
1281,2c1kl1,6,8
1282,2c5qdg,12,12
1283,2c9yin,9,9
1284,7ajzqt,4,4
1285,cgslnf,5,5
1286,5e50fo,5,7
1287,5zacac,5,6
1288,37w47k,3,7
1289,387xa2,3,4
1290,44zby3,3,6
1291,38bttu,5,5
1292,2bszxq,9,0
1293,384wge,3,3
1294,53h6pt,3,0
1295,5e18r2,9,9
1296,53i5ea,7,7
1297,78d9xg,5,3
1298,25sd8o,7,7
1299,9mgwtm,7,7
1300,2su4de,8,8
1301,1609uc,5,5
1302,15y91e,7,3
1303,3ye45w,4,5
1304,4zqomn,9,9
1305,48ua47,4,6
1306,au1vmz,4,4
1307,28dqbl,11,12
1308,atuli1,10,10
1309,3wdkh3,14,14
1310,2lwu8b,11,11
1311,271dtp,4,4
1312,9kunpk,6,6
1313,161dd5,8,9
1314,3wnmap,4,3
1315,20122g,9,8
1316,5k3rfk,8,10
1317,2rz1qn,7,7
1318,9sn8ii,4,5
1319,2rw6w5,9,8
1320,5k3b0e,8,6
1321,28yrlz,16,16
1322,5un86f,7,7
1323,22r0fu,6,6
1324,arf4vh,6,6
1325,23bf1s,5,0
1326,2m8nsn,5,5
1327,9r5nra,15,14
1328,4x7o38,9,21
1329,21j37x,5,6
1330,4zo9uv,7,7
1331,2s4y9x,4,3
1332,5i9ip2,6,7
1333,ayyp3h,2,2
1334,2ku9so,4,4
1335,3vxaw8,5,5
1336,2dtpaf,3,3
1337,3ynwdn,4,2
1338,2di8iw,7,7
1339,2ktg1u,6,8
1340,2fwz5r,6,6
1341,2unkud,6,4
1342,2up1yb,5,6
1343,508f8r,9,9
1344,145ex0,3,6
1345,145a4d,6,6
1346,506lpe,10,10
1347,9c4sv4,5,5
1348,2fo8s0,3,4
1349,9hxu5y,3,3
1350,avy9gg,7,6
1351,2tnnhb,0,0
1352,2an36t,3,5
1353,2ap6rk,10,10
1354,2ac3rc,9,9
1355,4zw417,4,4
1356,9iqlv5,8,8
1357,2tp3jn,5,3
1358,2ligva,5,6
1359,2tjwbp,3,4
1360,2tin6p,3,6
1361,2atxbg,9,10
1362,2ty0nh,30,30
1363,2cj22x,5,5
1364,490a5k,3,4
1365,2avn7t,5,5
1366,4913p9,7,7
1367,5w7o8h,3,10
1368,500dgm,6,5
1369,5vbxtz,8,8
1370,5uwo08,6,6
1371,4z7tp3,3,3
1372,1izy32,3,6
1373,a6su1u,6,6
1374,1gfby5,12,0
1375,18ticc,9,9
1376,18r2ha,9,9
1377,4yf9e1,3,4
1378,3xzut5,6,6
1379,1ktn1f,8,0
1380,2q9iwm,4,4
1381,5juyg6,7,6
1382,1l521x,7,7
1383,5uufsj,8,8
1384,1kj8is,4,3
1385,1jj844,5,5
1386,aj5ms7,9,0
1387,a92llh,12,12
1388,4z9h7k,5,5
1389,a4w2b2,4,4
1390,2nje95,5,5
1391,2ntsiw,7,7
1392,2oqe2h,8,8
1393,5jisbt,2,2
1394,ac64qo,3,2
1395,afqj5k,4,9
1396,5v5dbn,4,4
1397,5jmpgl,4,4
1398,3xr0vz,8,8
1399,5v2yt5,2,6
1400,4ylcy5,9,10
1401,5v9gyd,4,4
1402,4ymfl7,15,15
1403,1eqpkr,6,4
1404,aftty6,6,6
1405,1d7tvk,3,4
1406,1968gq,6,5
1407,1dcyec,5,5
1408,2nzrn1,2,2
1409,aan3wd,4,5
1410,48b076,5,5
1411,1sesus,6,6
1412,1slmx6,6,9
1413,9vtb55,6,6
1414,2rgbve,4,6
1415,2mtx7h,4,4
1416,1tm72v,5,5
1417,178xgv,6,6
1418,5izahz,7,3
1419,4zh3im,2,4
1420,47bve8,10,7
1421,1r4elw,4,4
1422,17d3by,9,9
1423,5iv2v0,4,4
1424,1wxt07,5,5
1425,5k1onf,8,8
1426,1uf896,5,5
1427,3wrgbg,9,11
1428,48mcbf,4,2
1429,4xk12x,6,6
1430,9u8nea,6,7
1431,2ro5kh,3,7
1432,2mov6i,4,4
1433,5k1ok0,5,6
1434,1po9ms,4,4
1435,1mzdv0,9,9
1436,4zdapd,5,2
1437,1nazof,6,6
1438,2qoxo0,5,2
1439,1nd2ah,8,7
1440,1moajh,4,6
1441,186pxl,6,6
1442,1lqbx3,2,2
1443,1ngnsp,6,6
1444,3x5py6,5,5
1445,2qk3p4,3,3
1446,2qquvg,5,6
1447,4xuljp,4,3
1448,9zy1hn,2,3
1449,2qxdmu,3,4
1450,2qxmo4,8,6
1451,1pnmck,4,5
1452,1p0yte,4,3
1453,5jxdau,4,4
1454,2qrj3u,3,3
1455,alswil,9,7
1456,17s86i,7,7
1457,3x1w9q,4,4
1458,2ymno3,15,7
1459,bhkh7n,3,3
1460,5gw86v,2,3
1461,2i0fg6,6,4
1462,2xulwn,3,4
1463,104x4s,4,9
1464,4a73i7,4,5
1465,2y6qn3,2,3
1466,2z2eic,4,4
1467,4tnjak,7,6
1468,4tj55r,4,3
1469,2zh1tm,8,8
1470,5tjt4f,8,11
1471,5xedj0,5,7
1472,3zjfnx,5,5
1473,4tlygb,3,4
1474,2zdsey,3,3
1475,8l6ls3,4,4
1476,4u0i4x,0,5
1477,2yb0fm,9,10
1478,5u0uyp,5,5
1479,4tzwmt,3,3
1480,8qevm9,4,4
1481,4u1ci6,6,6
1482,bea0pe,4,3
1483,5h5ds4,4,5
1484,2y31pt,10,10
1485,8ric54,4,4
1486,4tvuae,2,5
1487,4tvsu7,9,9
1488,8p4apx,10,10
1489,3uq007,3,4
1490,514pch,4,4
1491,5h22qt,2,2
1492,bf1upz,17,0
1493,2yhidf,12,12
1494,4tx2zf,4,4
1495,bfjsng,2,4
1496,ynezf,10,9
1497,51pecf,6,6
1498,5t38m7,12,12
1499,5t4rid,11,10
1500,4t1ebj,6,4
1501,303mef,10,9
1502,8gsjde,8,10
1503,2hbbi1,6,6
1504,3zsxf6,4,4
1505,30jr2i,4,4
1506,y9mm3,12,12
1507,5xp9j7,7,7
1508,8eqaue,5,5
1509,4sy7mg,7,5
1510,yf4wf,12,12
1511,30cdwl,3,0
1512,8euzuo,10,9
1513,51rh7w,4,4
1514,51rht9,7,5
1515,5xknh1,6,7
1516,3136sw,9,9
1517,8j2hho,11,10
1518,2znm4s,11,0
1519,3uh7vu,9,8
1520,30ole4,6,6
1521,2hmb8c,7,0
1522,5l22bp,4,4
1523,3035ix,10,9
1524,5l3v3o,5,8
1525,8hiyko,10,11
1526,8hihmn,2,3
1527,bkwc4j,4,7
1528,5tbhdo,3,5
1529,3zo8q3,3,3
1530,z2d1d,11,0
1531,z33nl,15,13
1532,5u1sod,4,4
1533,2lbghq,4,3
1534,93s9b9,5,5
1535,950tff,10,0
1536,12td3v,3,4
1537,5husrs,5,8
1538,3vlt1z,5,6
1539,12votx,4,3
1540,953j7a,7,8
1541,4vcxky,6,5
1542,50lcac,4,5
1543,12gsao,10,10
1544,4uzi7y,7,7
1545,92lzi4,5,5
1546,2mdppt,4,4
1547,5u9d1c,4,5
1548,2lsebh,10,9
1549,92y664,6,6
1550,5hojh3,8,8
1551,2hshzp,5,3
1552,2kb2mx,10,10
1553,4vm6it,5,4
1554,2i6syp,4,4
1555,2k86l5,5,7
1556,13h2zl,2,6
1557,2uvueb,9,9
1558,2uwehc,4,6
1559,2hg8yt,11,11
1560,5hvwke,14,0
1561,4vhs29,4,2
1562,2k38un,9,7
1563,2k340h,4,3
1564,5wklb1,24,24
1565,5hyyad,5,5
1566,2io574,4,5
1567,49fvh7,6,8
1568,5ub6e1,3,3
1569,4viotw,5,6
1570,2nkvja,11,11
1571,2ixaxs,5,3
1572,5komww,4,4
1573,8uzvwe,12,0
1574,bbpien,7,7
1575,8va1f0,11,12
1576,8wg5fv,5,5
1577,2r998q,5,5
1578,2rcfpf,6,6
1579,5hcf1q,8,8
1580,2rty09,4,4
1581,bb8q03,7,3
1582,3v3stn,6,6
1583,5u25oh,3,3
1584,10wms9,9,9
1585,10wcqh,14,0
1586,bd10hv,4,4
1587,510nxj,5,0
1588,3v07jm,4,4
1589,8u1mvc,0,0
1590,bc7jtf,7,7
1591,bcmah4,5,4
1592,5ha2hl,4,4
1593,4ujy60,4,4
1594,2ot1yc,6,4
1595,2wt2ht,3,3
1596,2jff0k,10,6
1597,123ch9,13,0
1598,50o77w,7,7
1599,2pjg35,10,10
1600,2o6yms,2,3
1601,4umebd,7,6
1602,2qawf8,10,0
1603,2qbied,4,4
1604,49ujl4,7,7
1605,2x6vrg,4,3
1606,50u2vq,7,7
1607,2ja9uy,3,3
1608,b8zpb2,8,8
1609,b9182k,2,4
1610,4uo5c4,5,5
1611,5r5nvs,3,4
1612,1gwxd3,6,5
1613,53ruo9,4,5
1614,44atw7,12,12
1615,1gp24t,8,8
1616,3h31w7,4,5
1617,22swg8,5,5
1618,42wjhi,5,4
1619,6ajp5q,4,6
1620,dniyi5,4,3
1621,3hctuv,3,7
1622,1h5mkx,11,7
1623,3hf6lu,7,7
1624,53pbxn,7,7
1625,6cufva,9,17
1626,1g0gxa,13,12
1627,5p150q,4,4
1628,dk713a,4,0
1629,53owlw,3,3
1630,3grstd,8,7
1631,4k9sd8,7,9
1632,1gg98e,3,4
1633,60z4q6,7,7
1634,60yn3b,17,18
1635,6ch653,8,8
1636,1g8vao,6,6
1637,5ba993,6,4
1638,1j0i3w,4,4
1639,67o1ii,9,0
1640,5ow439,4,4
1641,3i2z4r,4,9
1642,54nqpp,4,5
1643,3ok3u9,5,5
1644,68duug,6,5
1645,54oqbu,3,4
1646,5sl4xb,6,6
1647,3iedou,6,6
1648,20xk93,14,14
1649,3ofwvj,5,5
1650,431feg,6,6
1651,4jgawt,5,4
1652,1j4al8,4,4
1653,5ax3v6,11,9
1654,21v1tn,11,11
1655,4ju87i,5,5
1656,5b73vg,4,8
1657,548ewd,3,4
1658,1huj3d,9,9
1659,545vq4,6,6
1660,69n9p8,2,4
1661,4jt1cr,4,4
1662,3hxntx,24,0
1663,54gvdp,6,6
1664,dq1wwi,8,0
1665,223a76,8,7
1666,5nmw9y,8,8
1667,618egs,8,7
1668,3em2zg,7,7
1669,5p8dqy,11,0
1670,dbj0te,7,9
1671,266gla,5,5
1672,3eht16,7,4
1673,1dew5g,15,0
1674,4vxjt5,8,8
1675,4wbi3j,3,3
1676,4wnewe,7,7
1677,ddhnif,7,7
1678,dd9f81,7,7
1679,4ean6h,11,10
1680,5rrl3v,6,6
1681,3pia5k,4,4
1682,3epfcl,3,3
1683,5c0709,6,5
1684,5ro3ak,5,5
1685,4ui5vk,9,8
1686,5n8wub,5,7
1687,1ch2y4,7,7
1688,3ppno7,3,2
1689,6jmdoo,6,6
1690,6jw4me,5,5
1691,dakupd,7,8
1692,6jyu5l,4,4
1693,26ef0p,4,4
1694,3pmrla,0,0
1695,6knwwk,4,4
1696,1f7jcg,4,4
1697,4em5lg,3,4
1698,50utk0,4,4
1699,5btop1,4,5
1700,6flfof,2,3
1701,6ftkas,6,6
1702,5s2vih,2,3
1703,1fpinx,6,0
1704,42qcq9,6,6
1705,5bp18z,3,3
1706,5p2w88,5,4
1707,1fbsbe,3,4
1708,3p98rt,3,3
1709,3f8rqp,8,8
1710,5ruzqw,7,5
1711,3f5yq2,5,5
1712,1e0vop,8,8
1713,3ey8eg,5,5
1714,3f3p4a,6,9
1715,4kxwtc,4,4
1716,6gecpq,4,4
1717,42k6ec,7,7
1718,3paqrx,3,3
1719,6gi6go,5,3
1720,4kzh4s,6,6
1721,3dr975,4,4
1722,64uamy,8,8
1723,64vkw6,6,5
1724,57lgpe,6,5
1725,5thgwi,7,0
1726,1p2axn,7,5
1727,62ms0p,7,7
1728,64n3ak,3,3
1729,59lhuy,4,4
1730,57xm6w,15,0
1731,4g84p3,5,3
1732,64oinr,6,7
1733,57tibe,5,5
1734,5tkhu1,6,6
1735,57938u,7,7
1736,1wbm8f,3,3
1737,3kumqa,4,4
1738,3ku7nx,10,5
1739,574dg3,6,7
1740,e7hfv4,5,5
1741,e76gw3,5,5
1742,5tfeau,3,7
1743,1oofmd,2,4
1744,57gcg3,5,5
1745,e99dpw,8,11
1746,57csv3,4,4
1747,5981ec,6,6
1748,egbluw,12,0
1749,6414x3,2,4
1750,58hv9o,5,3
1751,5ogcfu,14,13
1752,596sml,5,5
1753,5tyegn,7,6
1754,3my8qt,3,6
1755,58ys8l,11,9
1756,58x9zp,2,8
1757,58w9bv,4,5
1758,58uqpk,3,3
1759,59dho3,2,3
1760,43lnke,5,5
1761,1qn5q0,4,2
1762,3lw1ig,3,3
1763,1qh5h0,7,7
1764,1qpp2c,4,4
1765,585leq,5,5
1766,ed1tkf,2,2
1767,3lrrm0,10,14
1768,64ckd4,5,4
1769,1tj4eh,4,5
1770,ef4eop,6,6
1771,59e0tz,3,4
1772,1tm91o,4,0
1773,5o8dt7,3,3
1774,4fkgr2,4,8
1775,3o9l8y,5,6
1776,3j4wls,2,4
1777,4iyz1b,4,6
1778,55m3rc,5,5
1779,1kkofb,3,3
1780,66hc0o,13,14
1781,55xvpo,4,4
1782,5ahlr1,4,4
1783,55xi50,15,15
1784,dyhs8o,5,5
1785,3jcxs4,5,5
1786,1jsbyt,4,4
1787,3imj16,2,2
1788,61izfl,8,8
1789,3ioqpt,0,0
1790,202ffs,5,2
1791,3itkge,2,2
1792,3obs9o,4,4
1793,4j5jp8,7,6
1794,3oc5vb,3,4
1795,66rbnk,4,4
1796,1lfdmc,0,0
1797,3kc88z,9,9
1798,3kbp6h,8,0
1799,56tja1,8,8
1800,1xdurk,5,0
1801,56mz9k,3,5
1802,56kk2v,4,3
1803,65ssjb,7,9
1804,1n3tqz,5,5
1805,5omn0f,0,0
1806,1x64ki,4,4
1807,e59mg2,6,6
1808,56iegy,4,2
1809,1lwlgr,5,3
1810,e1sf6y,13,13
1811,660qrs,2,3
1812,5adzc4,6,6
1813,4395sm,6,6
1814,3jo2ys,8,9
1815,563pkk,3,3
1816,1lyviq,9,7
1817,5t3re8,3,4
1818,3k1tdf,14,14
1819,1ma1q6,9,0
1820,56cfvv,7,8
1821,56bgjo,3,0
1822,4ihh5g,4,4
1823,4m039u,3,3
1824,4lwfi1,7,0
1825,27f0bk,0,0
1826,27w2x5,3,4
1827,3chjxj,4,7
1828,crwrt,9,10
1829,5c9dhv,9,9
1830,5n1tm9,3,3
1831,3c9i32,4,4
1832,27drsi,6,6
1833,5n1nwt,4,4
1834,5r9yea,29,0
1835,4qmy19,8,8
1836,4sfcaq,8,12
1837,d2iwxi,5,5
1838,60ciz7,3,3
1839,4p8cn9,3,3
1840,4mf93z,3,0
1841,4rqvks,5,6
1842,3pwwlj,5,6
1843,4rcmyl,5,5
1844,6qk72z,12,12
1845,d3upij,17,17
1846,4m2li8,4,3
1847,4p4uui,4,4
1848,4qj8ce,4,3
1849,5r75f8,4,4
1850,4lyxjg,4,3
1851,5rftg7,4,4
1852,3cxhaf,10,10
1853,4muvpo,2,4
1854,d4cgh,5,4
1855,3c8y9p,9,9
1856,5cceg7,5,5
1857,1byxe6,2,2
1858,3q4ch6,7,7
1859,3cs17z,4,4
1860,5cnzif,4,4
1861,271t7g,6,6
1862,421jcq,8,8
1863,4dqqpt,3,0
1864,60a1hu,7,10
1865,56f43i,4,4
1866,3vnll3,4,5
1867,2vefpj,11,11
1868,49g4kv,10,13
1869,97pppp,5,3
